ID,DATE,TO,FROM,REASON,SERVER,CHANNEL,QUANT_1,QUANT_1_ID,QUANT_2,QUANT_2_ID,QUANT_3,QUANT_3_ID,AVG QUANT,DUPLICATE ID,DISMISSED,CORRECTION ADD,CORRECTION SUB,CORRECTION COMMENT,FINAL QUANT
1001,01/01/2021-00:00:00,bot39#1236,24,mock reason text,mock server,mock channel,13,8,13,9,13,0,13,,,5,,addition comment,18
1002,01/01/2021-00:00:00,bot21#1184,7,mock reason text,mock server,mock channel,13,4,21,5,0,6,11,,,,,,11
1003,01/01/2021-00:00:00,bot30#1713,21,mock reason text,mock server,mock channel,21,6,21,7,21,8,21,,,,,,21
1004,01/01/2021-00:00:00,bot37#1724,4,mock reason text,mock server,mock channel,55,7,144,8,144,9,114,,,,,,114
1005,01/01/2021-00:00:00,bot23#1314,2,mock reason text,mock server,mock channel,144,0,144,1,55,2,114,,,,83,substraction comment,31
1006,01/01/2021-00:00:00,bot7#1945,3,mock reason text,mock server,mock channel,55,8,55,9,21,0,43,,,,,,43
1007,01/01/2021-00:00:00,bot9#264,38,mock reason text,mock server,mock channel,144,6,144,7,144,8,144,,,,,,144
1008,01/01/2021-00:00:00,bot3#873,18,mock reason text,mock server,mock channel,55,7,55,8,55,9,55,,,,,,55
1009,01/01/2021-00:00:00,bot4#1753,30,mock reason text,mock server,mock channel,21,7,144,8,55,9,73,,,,,,73
1010,01/01/2021-00:00:00,bot2#381,42,mock reason text,mock server,mock channel,21,0,0,1,13,2,11,,,,,,11
1011,01/01/2021-00:00:00,bot11#455,0,mock reason text,mock server,mock channel,0,4,144,5,144,6,96,,,,,,96
1012,01/01/2021-00:00:00,bot7#1482,0,mock reason text,mock server,mock channel,55,6,55,7,55,8,55,,,,,,55
1013,01/01/2021-00:00:00,bot26#1275,7,mock reason text,mock server,mock channel,144,6,144,7,144,8,144,,,,,,144
1014,01/01/2021-00:00:00,bot3#1696,17,mock reason text,mock server,mock channel,55,0,144,1,55,2,84,,,,,,84
1015,01/01/2021-00:00:00,bot32#1781,34,mock reason text,mock server,mock channel,21,3,21,4,55,5,32,,,,,,32
1016,01/01/2021-00:00:00,bot4#1219,17,mock reason text,mock server,mock channel,55,5,0,6,55,7,36,1098,,,,,0
1017,01/01/2021-00:00:00,bot23#77,48,mock reason text,mock server,mock channel,21,6,21,7,21,8,21,,,,,,21
1018,01/01/2021-00:00:00,bot10#827,29,mock reason text,mock server,mock channel,0,3,0,4,0,5,0,,,,,,0
1019,01/01/2021-00:00:00,bot7#1126,16,mock reason text,mock server,mock channel,55,6,13,7,55,8,41,,,,,,41
1020,01/01/2021-00:00:00,bot1#1616,36,mock reason text,mock server,mock channel,21,5,144,6,21,7,62,,,,,,62
1021,01/01/2021-00:00:00,bot2#1271,6,mock reason text,mock server,mock channel,0,5,0,6,55,7,18,,,,,,18
1022,01/01/2021-00:00:00,bot2#1030,48,mock reason text,mock server,mock channel,55,1,0,2,55,3,36,,,,,,36
1023,01/01/2021-00:00:00,bot1#707,22,mock reason text,mock server,mock channel,55,4,55,5,0,6,36,,,,,,36
1024,01/01/2021-00:00:00,bot7#1129,32,mock reason text,mock server,mock channel,13,3,13,4,0,5,8,,,,,,8
1025,01/01/2021-00:00:00,bot30#1259,38,mock reason text,mock server,mock channel,21,7,21,8,21,9,21,,,,,,21
1026,01/01/2021-00:00:00,bot7#9,32,mock reason text,mock server,mock channel,13,3,21,4,13,5,15,1198,,,,,0
1027,01/01/2021-00:00:00,bot19#671,0,mock reason text,mock server,mock channel,55,2,55,3,21,4,43,,,,,,43
1028,01/01/2021-00:00:00,bot37#918,24,mock reason text,mock server,mock channel,21,8,144,9,144,0,103,,,,,,103
1029,01/01/2021-00:00:00,bot38#551,21,mock reason text,mock server,mock channel,13,9,0,0,13,1,8,,,,,,8
1030,01/01/2021-00:00:00,bot11#164,5,mock reason text,mock server,mock channel,0,1,144,2,0,3,48,,,,,,48
1031,01/01/2021-00:00:00,bot26#1767,4,mock reason text,mock server,mock channel,144,6,144,7,144,8,144,,,,,,144
1032,01/01/2021-00:00:00,bot2#7,40,mock reason text,mock server,mock channel,13,7,144,8,144,9,100,,,,,,100
1033,01/01/2021-00:00:00,bot6#131,42,mock reason text,mock server,mock channel,13,8,0,9,21,0,11,,,,,,11
1034,01/01/2021-00:00:00,bot45#72,32,mock reason text,mock server,mock channel,0,8,144,9,0,0,48,,,,,,48
1035,01/01/2021-00:00:00,bot9#1217,40,mock reason text,mock server,mock channel,13,5,144,6,13,7,56,,,,,,56
1036,01/01/2021-00:00:00,bot23#422,30,mock reason text,mock server,mock channel,55,6,0,7,21,8,25,,,,,,25
1037,01/01/2021-00:00:00,bot10#1852,24,mock reason text,mock server,mock channel,55,0,55,1,55,2,55,,,,,,55
1038,01/01/2021-00:00:00,bot15#1487,31,mock reason text,mock server,mock channel,55,8,55,9,144,0,84,,,,,,84
1039,01/01/2021-00:00:00,bot32#1785,39,mock reason text,mock server,mock channel,0,7,55,8,21,9,25,,,,,,25
1040,01/01/2021-00:00:00,bot36#556,35,mock reason text,mock server,mock channel,0,4,13,5,144,6,52,,,,,,52
1041,01/01/2021-00:00:00,bot10#1810,11,mock reason text,mock server,mock channel,144,3,0,4,55,5,66,,,,,,66
1042,01/01/2021-00:00:00,bot4#1581,34,mock reason text,mock server,mock channel,13,5,55,6,0,7,22,,,,,,22
1043,01/01/2021-00:00:00,bot2#37,17,mock reason text,mock server,mock channel,21,1,13,2,13,3,15,,,,,,15
1044,01/01/2021-00:00:00,bot39#1294,37,mock reason text,mock server,mock channel,21,8,21,9,0,0,14,,,,,,14
1045,01/01/2021-00:00:00,bot8#1018,4,mock reason text,mock server,mock channel,13,5,13,6,13,7,13,,,,,,13
1046,01/01/2021-00:00:00,bot2#1112,4,mock reason text,mock server,mock channel,13,7,55,8,55,9,41,,,,,,41
1047,01/01/2021-00:00:00,bot9#291,24,mock reason text,mock server,mock channel,144,2,0,3,13,4,52,,,,,,52
1048,01/01/2021-00:00:00,bot12#485,48,mock reason text,mock server,mock channel,55,8,55,9,21,0,43,,,,,,43
1049,01/01/2021-00:00:00,bot3#251,17,mock reason text,mock server,mock channel,144,0,0,1,55,2,66,,,,,,66
1050,01/01/2021-00:00:00,bot12#1844,30,mock reason text,mock server,mock channel,21,2,21,3,55,4,32,,,,,,32
1051,01/01/2021-00:00:00,bot15#1767,32,mock reason text,mock server,mock channel,13,6,13,7,13,8,13,,,,,,13
1052,01/01/2021-00:00:00,bot1#683,20,mock reason text,mock server,mock channel,144,6,0,7,144,8,96,1280,,,,,0
1053,01/01/2021-00:00:00,bot30#1237,14,mock reason text,mock server,mock channel,13,1,21,2,13,3,15,,,,,,15
1054,01/01/2021-00:00:00,bot4#560,37,mock reason text,mock server,mock channel,55,2,55,3,144,4,84,,,25,,addition comment,109
1055,01/01/2021-00:00:00,bot24#448,41,mock reason text,mock server,mock channel,0,7,0,8,0,9,0,,,,,,0
1056,01/01/2021-00:00:00,bot16#1427,26,mock reason text,mock server,mock channel,55,0,55,1,55,2,55,,,,,,55
1057,01/01/2021-00:00:00,bot4#995,12,mock reason text,mock server,mock channel,13,8,13,9,13,0,13,,,,,,13
1058,01/01/2021-00:00:00,bot1#392,25,mock reason text,mock server,mock channel,13,9,13,0,13,1,13,,,,,,13
1059,01/01/2021-00:00:00,bot11#1381,6,mock reason text,mock server,mock channel,144,1,0,2,144,3,96,,,,,,96
1060,01/01/2021-00:00:00,bot23#760,48,mock reason text,mock server,mock channel,55,1,0,2,55,3,36,,,,,,36
1061,01/01/2021-00:00:00,bot39#723,22,mock reason text,mock server,mock channel,21,9,21,0,21,1,21,,,,,,21
1062,01/01/2021-00:00:00,bot2#1570,21,mock reason text,mock server,mock channel,21,3,13,4,13,5,15,,,,,,15
1063,01/01/2021-00:00:00,bot14#36,32,mock reason text,mock server,mock channel,21,3,13,4,13,5,15,1394,,,,,0
1064,01/01/2021-00:00:00,bot3#482,12,mock reason text,mock server,mock channel,144,8,55,9,144,0,114,,,,,,114
1065,01/01/2021-00:00:00,bot11#170,22,mock reason text,mock server,mock channel,144,6,55,7,144,8,114,,,,,,114
1066,01/01/2021-00:00:00,bot39#383,9,mock reason text,mock server,mock channel,13,0,55,1,13,2,27,,,,,,27
1067,01/01/2021-00:00:00,bot9#1585,18,mock reason text,mock server,mock channel,21,0,55,1,21,2,32,,,,,,32
1068,01/01/2021-00:00:00,bot39#951,19,mock reason text,mock server,mock channel,55,3,55,4,55,5,55,,,,,,55
1069,01/01/2021-00:00:00,bot10#512,21,mock reason text,mock server,mock channel,0,9,13,0,0,1,4,,,,,,4
1070,01/01/2021-00:00:00,bot30#1010,5,mock reason text,mock server,mock channel,0,7,0,8,55,9,18,,,,,,18
1071,01/01/2021-00:00:00,bot24#1586,31,mock reason text,mock server,mock channel,144,4,55,5,144,6,114,,,,,,114
1072,01/01/2021-00:00:00,bot21#558,40,mock reason text,mock server,mock channel,144,3,144,4,144,5,144,,,,,,144
1073,01/01/2021-00:00:00,bot7#28,49,mock reason text,mock server,mock channel,13,1,21,2,0,3,11,,,,,,11
1074,01/01/2021-00:00:00,bot7#1610,37,mock reason text,mock server,mock channel,21,4,21,5,55,6,32,,,,,,32
1075,01/01/2021-00:00:00,bot2#1270,35,mock reason text,mock server,mock channel,144,5,144,6,144,7,144,,,,,,144
1076,01/01/2021-00:00:00,bot3#840,45,mock reason text,mock server,mock channel,13,2,144,3,13,4,56,,TRUE,,,,0
1077,01/01/2021-00:00:00,bot15#1005,45,mock reason text,mock server,mock channel,144,6,144,7,0,8,96,,,,23,substraction comment,73
1078,01/01/2021-00:00:00,bot24#686,22,mock reason text,mock server,mock channel,21,9,55,0,0,1,25,,,,,,25
1079,01/01/2021-00:00:00,bot1#1021,35,mock reason text,mock server,mock channel,13,0,144,1,13,2,56,,,,,,56
1080,01/01/2021-00:00:00,bot2#449,7,mock reason text,mock server,mock channel,0,2,55,3,13,4,22,,,,,,22
1081,01/01/2021-00:00:00,bot13#431,21,mock reason text,mock server,mock channel,144,3,13,4,144,5,100,,,,,,100
1082,01/01/2021-00:00:00,bot30#510,17,mock reason text,mock server,mock channel,144,9,21,0,13,1,59,,,,,,59
1083,01/01/2021-00:00:00,bot4#1948,11,mock reason text,mock server,mock channel,144,9,55,0,144,1,114,,,,,,114
1084,01/01/2021-00:00:00,bot4#683,0,mock reason text,mock server,mock channel,144,6,55,7,55,8,84,,,,,,84
1085,01/01/2021-00:00:00,bot14#1686,28,mock reason text,mock server,mock channel,13,7,21,8,13,9,15,,,,,,15
1086,01/01/2021-00:00:00,bot14#1168,17,mock reason text,mock server,mock channel,55,2,13,3,144,4,70,,,,,,70
1087,01/01/2021-00:00:00,bot9#1890,9,mock reason text,mock server,mock channel,144,7,55,8,13,9,70,,,,,,70
1088,01/01/2021-00:00:00,bot7#531,11,mock reason text,mock server,mock channel,144,2,55,3,0,4,66,,,,,,66
1089,01/01/2021-00:00:00,bot4#556,30,mock reason text,mock server,mock channel,55,3,55,4,13,5,41,,,,,,41
1090,01/01/2021-00:00:00,bot6#1935,38,mock reason text,mock server,mock channel,13,2,21,3,144,4,59,,TRUE,,,,0
1091,01/01/2021-00:00:00,bot14#175,42,mock reason text,mock server,mock channel,55,3,0,4,55,5,36,,,,,,36
1092,01/01/2021-00:00:00,bot14#829,17,mock reason text,mock server,mock channel,55,7,55,8,144,9,84,,TRUE,,,,0
1093,01/01/2021-00:00:00,bot2#6,16,mock reason text,mock server,mock channel,0,8,0,9,144,0,48,,,,,,48
1094,01/01/2021-00:00:00,bot30#1828,36,mock reason text,mock server,mock channel,13,1,0,2,55,3,22,,,,,,22
1095,01/01/2021-00:00:00,bot10#1133,28,mock reason text,mock server,mock channel,144,0,144,1,21,2,103,,,,,,103
1096,01/01/2021-00:00:00,bot36#652,12,mock reason text,mock server,mock channel,144,1,144,2,0,3,96,,,,,,96
1097,01/01/2021-00:00:00,bot11#67,34,mock reason text,mock server,mock channel,21,9,55,0,0,1,25,,,4,,addition comment,29
1098,01/01/2021-00:00:00,bot7#1415,41,mock reason text,mock server,mock channel,13,3,13,4,55,5,27,,,,,,27
1099,01/01/2021-00:00:00,bot39#452,34,mock reason text,mock server,mock channel,13,9,21,0,0,1,11,,,,,,11
1100,01/01/2021-00:00:00,bot19#464,4,mock reason text,mock server,mock channel,0,9,0,0,13,1,4,,,,,,4
1101,01/01/2021-00:00:00,bot6#643,26,mock reason text,mock server,mock channel,21,5,55,6,21,7,32,,,,,,32
1102,01/01/2021-00:00:00,bot2#1734,30,mock reason text,mock server,mock channel,21,5,0,6,55,7,25,,,,,,25
1103,01/01/2021-00:00:00,bot30#1900,32,mock reason text,mock server,mock channel,21,8,55,9,21,0,32,,,,,,32
1104,01/01/2021-00:00:00,bot45#1790,2,mock reason text,mock server,mock channel,13,6,21,7,13,8,15,,,,,,15
1105,01/01/2021-00:00:00,bot26#1385,30,mock reason text,mock server,mock channel,0,0,0,1,0,2,0,,,,,,0
1106,01/01/2021-00:00:00,bot45#407,33,mock reason text,mock server,mock channel,0,0,0,1,0,2,0,,,,,,0
1107,01/01/2021-00:00:00,bot11#1420,21,mock reason text,mock server,mock channel,13,2,13,3,13,4,13,,,,,,13
1108,01/01/2021-00:00:00,bot11#526,38,mock reason text,mock server,mock channel,144,6,0,7,144,8,96,,,,,,96
1109,01/01/2021-00:00:00,bot21#1731,30,mock reason text,mock server,mock channel,55,7,55,8,144,9,84,,,,,,84
1110,01/01/2021-00:00:00,bot37#1171,15,mock reason text,mock server,mock channel,0,0,13,1,13,2,8,,,,5,substraction comment,3
1111,01/01/2021-00:00:00,bot24#957,47,mock reason text,mock server,mock channel,21,0,13,1,13,2,15,,,,,,15
1112,01/01/2021-00:00:00,bot37#1008,30,mock reason text,mock server,mock channel,55,0,144,1,55,2,84,,,,,,84
1113,01/01/2021-00:00:00,bot29#456,21,mock reason text,mock server,mock channel,21,1,21,2,55,3,32,,,,,,32
1114,01/01/2021-00:00:00,bot11#462,21,mock reason text,mock server,mock channel,13,6,55,7,21,8,29,,,,,,29
1115,01/01/2021-00:00:00,bot43#973,40,mock reason text,mock server,mock channel,144,4,21,5,55,6,73,,,,,,73
1116,01/01/2021-00:00:00,bot3#1195,6,mock reason text,mock server,mock channel,0,4,55,5,0,6,18,,,,,,18
1117,01/01/2021-00:00:00,bot14#207,20,mock reason text,mock server,mock channel,0,5,13,6,13,7,8,,,,,,8
1118,01/01/2021-00:00:00,bot36#567,12,mock reason text,mock server,mock channel,55,0,144,1,13,2,70,,,,,,70
1119,01/01/2021-00:00:00,bot39#1138,8,mock reason text,mock server,mock channel,0,2,13,3,144,4,52,,,,,,52
1120,01/01/2021-00:00:00,bot2#1177,4,mock reason text,mock server,mock channel,13,0,0,1,13,2,8,,,,,,8
1121,01/01/2021-00:00:00,bot15#1888,18,mock reason text,mock server,mock channel,55,0,21,1,55,2,43,,,,,,43
1122,01/01/2021-00:00:00,bot9#1618,24,mock reason text,mock server,mock channel,0,8,0,9,0,0,0,,TRUE,,,,0
1123,01/01/2021-00:00:00,bot23#1646,25,mock reason text,mock server,mock channel,13,7,144,8,0,9,52,,,,,,52
1124,01/01/2021-00:00:00,bot9#1132,48,mock reason text,mock server,mock channel,55,6,13,7,55,8,41,,,,,,41
1125,01/01/2021-00:00:00,bot7#1674,17,mock reason text,mock server,mock channel,144,8,0,9,144,0,96,,,,,,96
1126,01/01/2021-00:00:00,bot3#1217,5,mock reason text,mock server,mock channel,55,1,0,2,21,3,25,,,,,,25
1127,01/01/2021-00:00:00,bot11#1602,28,mock reason text,mock server,mock channel,55,8,55,9,55,0,55,,,,,,55
1128,01/01/2021-00:00:00,bot1#1036,49,mock reason text,mock server,mock channel,144,3,144,4,144,5,144,,,,,,144
1129,01/01/2021-00:00:00,bot9#586,22,mock reason text,mock server,mock channel,21,8,144,9,0,0,55,,,,,,55
1130,01/01/2021-00:00:00,bot3#1633,0,mock reason text,mock server,mock channel,0,0,0,1,144,2,48,,,,,,48
1131,01/01/2021-00:00:00,bot37#1392,8,mock reason text,mock server,mock channel,0,9,0,0,13,1,4,,,,,,4
1132,01/01/2021-00:00:00,bot21#653,19,mock reason text,mock server,mock channel,13,5,144,6,0,7,52,,,,,,52
1133,01/01/2021-00:00:00,bot11#196,4,mock reason text,mock server,mock channel,0,8,0,9,0,0,0,,,,,,0
1134,01/01/2021-00:00:00,bot38#1895,24,mock reason text,mock server,mock channel,55,7,55,8,55,9,55,,,,,,55
1135,01/01/2021-00:00:00,bot12#929,16,mock reason text,mock server,mock channel,0,7,13,8,0,9,4,,,,,,4
1136,01/01/2021-00:00:00,bot12#574,10,mock reason text,mock server,mock channel,144,3,144,4,55,5,114,,,43,,addition comment,157
1137,01/01/2021-00:00:00,bot4#289,48,mock reason text,mock server,mock channel,21,9,21,0,55,1,32,,,,,,32
1138,01/01/2021-00:00:00,bot1#1256,7,mock reason text,mock server,mock channel,0,0,0,1,0,2,0,,,,,,0
1139,01/01/2021-00:00:00,bot3#1005,3,mock reason text,mock server,mock channel,0,5,55,6,55,7,36,,,,,,36
1140,01/01/2021-00:00:00,bot45#141,12,mock reason text,mock server,mock channel,13,4,13,5,21,6,15,,,,,,15
1141,01/01/2021-00:00:00,bot1#507,34,mock reason text,mock server,mock channel,55,9,55,0,0,1,36,,,,,,36
1142,01/01/2021-00:00:00,bot26#1542,12,mock reason text,mock server,mock channel,13,4,13,5,21,6,15,,,,,,15
1143,01/01/2021-00:00:00,bot29#1605,35,mock reason text,mock server,mock channel,13,5,13,6,13,7,13,,,,,,13
1144,01/01/2021-00:00:00,bot32#115,19,mock reason text,mock server,mock channel,13,4,0,5,21,6,11,,,,,,11
1145,01/01/2021-00:00:00,bot9#1020,14,mock reason text,mock server,mock channel,21,5,55,6,0,7,25,,,,,,25
1146,01/01/2021-00:00:00,bot1#413,14,mock reason text,mock server,mock channel,144,2,55,3,0,4,66,,,,,,66
1147,01/01/2021-00:00:00,bot9#1104,7,mock reason text,mock server,mock channel,13,6,13,7,0,8,8,,,,,,8
1148,01/01/2021-00:00:00,bot6#342,25,mock reason text,mock server,mock channel,21,8,21,9,13,0,18,,,,,,18
1149,01/01/2021-00:00:00,bot10#1898,4,mock reason text,mock server,mock channel,0,1,13,2,144,3,52,,,,,,52
1150,01/01/2021-00:00:00,bot2#1094,26,mock reason text,mock server,mock channel,0,9,13,0,0,1,4,,,,,,4
1151,01/01/2021-00:00:00,bot2#131,42,mock reason text,mock server,mock channel,21,6,21,7,13,8,18,,,,,,18
1152,01/01/2021-00:00:00,bot11#1523,0,mock reason text,mock server,mock channel,55,5,13,6,0,7,22,,,,,,22
1153,01/01/2021-00:00:00,bot1#606,44,mock reason text,mock server,mock channel,13,5,0,6,21,7,11,,,,,,11
1154,01/01/2021-00:00:00,bot23#1185,48,mock reason text,mock server,mock channel,144,3,21,4,0,5,55,,,,,,55
1155,01/01/2021-00:00:00,bot11#1629,34,mock reason text,mock server,mock channel,144,6,55,7,21,8,73,,,,,,73
1156,01/01/2021-00:00:00,bot11#1438,43,mock reason text,mock server,mock channel,13,9,21,0,0,1,11,,,,,,11
1157,01/01/2021-00:00:00,bot9#1496,19,mock reason text,mock server,mock channel,21,8,55,9,144,0,73,,,,,,73
1158,01/01/2021-00:00:00,bot30#521,31,mock reason text,mock server,mock channel,21,3,21,4,21,5,21,,,,,,21
1159,01/01/2021-00:00:00,bot36#1650,27,mock reason text,mock server,mock channel,13,9,13,0,0,1,8,,,,,,8
1160,01/01/2021-00:00:00,bot45#1670,43,mock reason text,mock server,mock channel,55,5,55,6,21,7,43,,,,,,43
1161,01/01/2021-00:00:00,bot30#490,12,mock reason text,mock server,mock channel,55,6,55,7,55,8,55,,,,,,55
1162,01/01/2021-00:00:00,bot10#1418,12,mock reason text,mock server,mock channel,13,2,13,3,13,4,13,,,,8,substraction comment,5
1163,01/01/2021-00:00:00,bot2#1395,37,mock reason text,mock server,mock channel,21,1,21,2,21,3,21,,,,4,substraction comment,17
1164,01/01/2021-00:00:00,bot7#572,3,mock reason text,mock server,mock channel,144,1,144,2,21,3,103,,,,,,103
1165,01/01/2021-00:00:00,bot13#686,21,mock reason text,mock server,mock channel,13,5,55,6,55,7,41,,,,,,41
1166,01/01/2021-00:00:00,bot19#1870,35,mock reason text,mock server,mock channel,144,0,144,1,144,2,144,,,,,,144
1167,01/01/2021-00:00:00,bot19#573,11,mock reason text,mock server,mock channel,13,5,21,6,0,7,11,,,,,,11
1168,01/01/2021-00:00:00,bot7#259,4,mock reason text,mock server,mock channel,144,7,144,8,144,9,144,,,,,,144
1169,01/01/2021-00:00:00,bot1#1067,8,mock reason text,mock server,mock channel,0,1,144,2,144,3,96,,,,,,96
1170,01/01/2021-00:00:00,bot15#89,40,mock reason text,mock server,mock channel,21,6,13,7,21,8,18,,,,,,18
1171,01/01/2021-00:00:00,bot11#599,11,mock reason text,mock server,mock channel,21,9,55,0,21,1,32,,,,,,32
1172,01/01/2021-00:00:00,bot6#1995,1,mock reason text,mock server,mock channel,21,1,55,2,21,3,32,,,,,,32
1173,01/01/2021-00:00:00,bot11#396,29,mock reason text,mock server,mock channel,0,2,55,3,13,4,22,,,,,,22
1174,01/01/2021-00:00:00,bot2#1001,34,mock reason text,mock server,mock channel,0,2,0,3,144,4,48,,,,,,48
1175,01/01/2021-00:00:00,bot24#83,5,mock reason text,mock server,mock channel,55,4,55,5,144,6,84,,,,,,84
1176,01/01/2021-00:00:00,bot3#1785,2,mock reason text,mock server,mock channel,21,4,13,5,13,6,15,,,,,,15
1177,01/01/2021-00:00:00,bot26#1797,4,mock reason text,mock server,mock channel,144,9,0,0,144,1,96,,,,,,96
1178,01/01/2021-00:00:00,bot24#1843,37,mock reason text,mock server,mock channel,144,4,55,5,21,6,73,,,,,,73
1179,01/01/2021-00:00:00,bot4#809,9,mock reason text,mock server,mock channel,0,1,13,2,0,3,4,,,,,,4
1180,01/01/2021-00:00:00,bot2#343,18,mock reason text,mock server,mock channel,144,9,144,0,55,1,114,,,,,,114
1181,01/01/2021-00:00:00,bot3#1942,35,mock reason text,mock server,mock channel,144,3,13,4,55,5,70,,,,,,70
1182,01/01/2021-00:00:00,bot6#805,20,mock reason text,mock server,mock channel,55,2,144,3,55,4,84,,,,,,84
1183,01/01/2021-00:00:00,bot26#1622,49,mock reason text,mock server,mock channel,13,5,144,6,13,7,56,,,,,,56
1184,01/01/2021-00:00:00,bot3#1532,31,mock reason text,mock server,mock channel,0,9,13,0,13,1,8,,,,,,8
1185,01/01/2021-00:00:00,bot12#1766,26,mock reason text,mock server,mock channel,0,8,13,9,144,0,52,,,,,,52
1186,01/01/2021-00:00:00,bot36#1231,31,mock reason text,mock server,mock channel,13,2,21,3,55,4,29,,,,,,29
1187,01/01/2021-00:00:00,bot39#1973,4,mock reason text,mock server,mock channel,21,3,55,4,0,5,25,,,,,,25
1188,01/01/2021-00:00:00,bot39#387,48,mock reason text,mock server,mock channel,0,4,55,5,144,6,66,,,,,,66
1189,01/01/2021-00:00:00,bot3#1835,16,mock reason text,mock server,mock channel,13,6,13,7,13,8,13,,,,,,13
1190,01/01/2021-00:00:00,bot19#1371,37,mock reason text,mock server,mock channel,144,8,21,9,144,0,103,,,,,,103
1191,01/01/2021-00:00:00,bot23#601,4,mock reason text,mock server,mock channel,55,9,144,0,144,1,114,,,,,,114
1192,01/01/2021-00:00:00,bot1#1534,45,mock reason text,mock server,mock channel,13,9,21,0,13,1,15,,,,,,15
1193,01/01/2021-00:00:00,bot10#695,1,mock reason text,mock server,mock channel,0,7,21,8,55,9,25,,,,,,25
1194,01/01/2021-00:00:00,bot2#1728,10,mock reason text,mock server,mock channel,144,5,21,6,144,7,103,,,,,,103
1195,01/01/2021-00:00:00,bot45#1659,18,mock reason text,mock server,mock channel,0,0,0,1,55,2,18,,,,,,18
1196,01/01/2021-00:00:00,bot7#1559,24,mock reason text,mock server,mock channel,144,2,144,3,144,4,144,,,,,,144
1197,01/01/2021-00:00:00,bot14#846,49,mock reason text,mock server,mock channel,13,1,0,2,13,3,8,,,,,,8
1198,01/01/2021-00:00:00,bot2#1956,13,mock reason text,mock server,mock channel,144,7,21,8,13,9,59,1334,,,,,0
1199,01/01/2021-00:00:00,bot14#278,14,mock reason text,mock server,mock channel,21,1,13,2,21,3,18,,,,,,18
1200,01/01/2021-00:00:00,bot26#1073,20,mock reason text,mock server,mock channel,21,0,21,1,21,2,21,,,,,,21
1201,01/01/2021-00:00:00,bot37#1277,3,mock reason text,mock server,mock channel,13,0,13,1,21,2,15,,,,,,15
1202,01/01/2021-00:00:00,bot5#1314,37,mock reason text,mock server,mock channel,55,9,55,0,55,1,55,,,,,,55
1203,01/01/2021-00:00:00,bot6#1848,47,mock reason text,mock server,mock channel,13,6,13,7,13,8,13,,,,,,13
1204,01/01/2021-00:00:00,bot3#1750,10,mock reason text,mock server,mock channel,0,8,144,9,144,0,96,,,,,,96
1205,01/01/2021-00:00:00,bot11#333,37,mock reason text,mock server,mock channel,55,5,0,6,21,7,25,,,,,,25
1206,01/01/2021-00:00:00,bot12#305,40,mock reason text,mock server,mock channel,13,2,13,3,0,4,8,,,,,,8
1207,01/01/2021-00:00:00,bot21#1662,6,mock reason text,mock server,mock channel,144,3,144,4,21,5,103,,,,,,103
1208,01/01/2021-00:00:00,bot3#218,3,mock reason text,mock server,mock channel,55,5,21,6,55,7,43,,,,,,43
1209,01/01/2021-00:00:00,bot12#882,3,mock reason text,mock server,mock channel,55,9,55,0,55,1,55,,,,,,55
1210,01/01/2021-00:00:00,bot2#1910,47,mock reason text,mock server,mock channel,21,7,55,8,55,9,43,,,,,,43
1211,01/01/2021-00:00:00,bot2#1624,9,mock reason text,mock server,mock channel,21,9,55,0,55,1,43,,,,,,43
1212,01/01/2021-00:00:00,bot2#767,44,mock reason text,mock server,mock channel,55,5,55,6,144,7,84,,,,,,84
1213,01/01/2021-00:00:00,bot3#1158,16,mock reason text,mock server,mock channel,21,2,144,3,13,4,59,,,,,,59
1214,01/01/2021-00:00:00,bot6#1165,25,mock reason text,mock server,mock channel,21,4,21,5,55,6,32,,,,,,32
1215,01/01/2021-00:00:00,bot10#188,46,mock reason text,mock server,mock channel,13,8,13,9,13,0,13,,,,,,13
1216,01/01/2021-00:00:00,bot11#1234,37,mock reason text,mock server,mock channel,144,1,144,2,144,3,144,,,,,,144
1217,01/01/2021-00:00:00,bot15#450,45,mock reason text,mock server,mock channel,0,5,55,6,0,7,18,,,,,,18
1218,01/01/2021-00:00:00,bot12#971,23,mock reason text,mock server,mock channel,13,0,21,1,13,2,15,,,,,,15
1219,01/01/2021-00:00:00,bot10#449,11,mock reason text,mock server,mock channel,144,5,144,6,21,7,103,1041,,,,,0
1220,01/01/2021-00:00:00,bot2#36,31,mock reason text,mock server,mock channel,0,1,0,2,144,3,48,,,,,,48
1221,01/01/2021-00:00:00,bot12#1287,11,mock reason text,mock server,mock channel,0,1,0,2,144,3,48,,,,,,48
1222,01/01/2021-00:00:00,bot1#1717,3,mock reason text,mock server,mock channel,0,9,55,0,0,1,18,,,,,,18
1223,01/01/2021-00:00:00,bot3#1229,42,mock reason text,mock server,mock channel,144,2,144,3,0,4,96,,,,,,96
1224,01/01/2021-00:00:00,bot39#1874,23,mock reason text,mock server,mock channel,13,9,13,0,0,1,8,1220,,,,,0
1225,01/01/2021-00:00:00,bot9#849,14,mock reason text,mock server,mock channel,144,1,13,2,144,3,100,,,44,,addition comment,144
1226,01/01/2021-00:00:00,bot11#709,27,mock reason text,mock server,mock channel,21,7,21,8,21,9,21,,,,,,21
1227,01/01/2021-00:00:00,bot21#124,8,mock reason text,mock server,mock channel,144,2,55,3,144,4,114,,,,,,114
1228,01/01/2021-00:00:00,bot1#1130,12,mock reason text,mock server,mock channel,55,3,21,4,55,5,43,,,,,,43
1229,01/01/2021-00:00:00,bot9#531,12,mock reason text,mock server,mock channel,21,4,13,5,55,6,29,,,,,,29
1230,01/01/2021-00:00:00,bot2#1550,0,mock reason text,mock server,mock channel,0,0,0,1,0,2,0,,,,,,0
1231,01/01/2021-00:00:00,bot4#145,28,mock reason text,mock server,mock channel,55,8,55,9,21,0,43,,,,,,43
1232,01/01/2021-00:00:00,bot2#1740,47,mock reason text,mock server,mock channel,55,7,13,8,55,9,41,,,,,,41
1233,01/01/2021-00:00:00,bot2#1929,48,mock reason text,mock server,mock channel,13,1,13,2,13,3,13,,,,,,13
1234,01/01/2021-00:00:00,bot24#1887,6,mock reason text,mock server,mock channel,13,2,0,3,13,4,8,,,,,,8
1235,01/01/2021-00:00:00,bot11#936,26,mock reason text,mock server,mock channel,21,0,55,1,21,2,32,,,,,,32
1236,01/01/2021-00:00:00,bot3#1906,6,mock reason text,mock server,mock channel,55,2,55,3,0,4,36,,,,,,36
1237,01/01/2021-00:00:00,bot30#1415,49,mock reason text,mock server,mock channel,0,0,13,1,55,2,22,,,,,,22
1238,01/01/2021-00:00:00,bot21#561,41,mock reason text,mock server,mock channel,144,0,21,1,0,2,55,,,,,,55
1239,01/01/2021-00:00:00,bot11#682,36,mock reason text,mock server,mock channel,0,8,0,9,144,0,48,,,,,,48
1240,01/01/2021-00:00:00,bot2#1064,27,mock reason text,mock server,mock channel,0,1,55,2,0,3,18,,,,,,18
1241,01/01/2021-00:00:00,bot11#835,3,mock reason text,mock server,mock channel,55,6,55,7,13,8,41,,,,,,41
1242,01/01/2021-00:00:00,bot12#75,49,mock reason text,mock server,mock channel,144,6,13,7,144,8,100,,,,,,100
1243,01/01/2021-00:00:00,bot4#551,38,mock reason text,mock server,mock channel,13,0,13,1,13,2,13,1222,,,,,0
1244,01/01/2021-00:00:00,bot3#362,30,mock reason text,mock server,mock channel,144,2,0,3,55,4,66,,,,,,66
1245,01/01/2021-00:00:00,bot8#263,47,mock reason text,mock server,mock channel,21,0,21,1,21,2,21,,,,,,21
1246,01/01/2021-00:00:00,bot10#862,3,mock reason text,mock server,mock channel,21,6,55,7,21,8,32,,,,,,32
1247,01/01/2021-00:00:00,bot12#659,46,mock reason text,mock server,mock channel,144,0,144,1,144,2,144,,,,,,144
1248,01/01/2021-00:00:00,bot4#629,38,mock reason text,mock server,mock channel,21,3,21,4,13,5,18,,,,,,18
1249,01/01/2021-00:00:00,bot7#684,39,mock reason text,mock server,mock channel,21,7,13,8,21,9,18,,,,,,18
1250,01/01/2021-00:00:00,bot26#703,38,mock reason text,mock server,mock channel,21,8,21,9,55,0,32,,,,,,32
1251,01/01/2021-00:00:00,bot9#343,14,mock reason text,mock server,mock channel,55,4,144,5,55,6,84,,,,,,84
1252,01/01/2021-00:00:00,bot6#1053,15,mock reason text,mock server,mock channel,144,6,144,7,144,8,144,,,,,,144
1253,01/01/2021-00:00:00,bot24#356,30,mock reason text,mock server,mock channel,0,4,0,5,0,6,0,,,,,,0
1254,01/01/2021-00:00:00,bot11#936,34,mock reason text,mock server,mock channel,13,1,0,2,144,3,52,,,,,,52
1255,01/01/2021-00:00:00,bot2#438,34,mock reason text,mock server,mock channel,55,1,55,2,55,3,55,,,,,,55
1256,01/01/2021-00:00:00,bot14#1602,1,mock reason text,mock server,mock channel,55,4,21,5,21,6,32,,,,,,32
1257,01/01/2021-00:00:00,bot7#861,35,mock reason text,mock server,mock channel,21,7,21,8,0,9,14,,,,,,14
1258,01/01/2021-00:00:00,bot37#769,41,mock reason text,mock server,mock channel,144,5,55,6,21,7,73,,,,36,substraction comment,37
1259,01/01/2021-00:00:00,bot45#907,38,mock reason text,mock server,mock channel,0,2,0,3,144,4,48,,,,,,48
1260,01/01/2021-00:00:00,bot7#737,8,mock reason text,mock server,mock channel,144,8,144,9,13,0,100,,,,,,100
1261,01/01/2021-00:00:00,bot3#1173,34,mock reason text,mock server,mock channel,13,1,0,2,21,3,11,,,,,,11
1262,01/01/2021-00:00:00,bot2#125,23,mock reason text,mock server,mock channel,55,3,21,4,0,5,25,,,,,,25
1263,01/01/2021-00:00:00,bot10#596,12,mock reason text,mock server,mock channel,0,2,144,3,0,4,48,,,,,,48
1264,01/01/2021-00:00:00,bot2#159,6,mock reason text,mock server,mock channel,13,9,0,0,0,1,4,,,,,,4
1265,01/01/2021-00:00:00,bot11#1549,8,mock reason text,mock server,mock channel,13,5,55,6,144,7,70,,,,,,70
1266,01/01/2021-00:00:00,bot36#1327,39,mock reason text,mock server,mock channel,13,4,55,5,13,6,27,,,,,,27
1267,01/01/2021-00:00:00,bot26#440,1,mock reason text,mock server,mock channel,144,9,144,0,0,1,96,,,,,,96
1268,01/01/2021-00:00:00,bot19#1913,22,mock reason text,mock server,mock channel,144,6,0,7,13,8,52,,,,,,52
1269,01/01/2021-00:00:00,bot36#965,23,mock reason text,mock server,mock channel,55,3,55,4,0,5,36,,,,,,36
1270,01/01/2021-00:00:00,bot22#166,38,mock reason text,mock server,mock channel,21,5,21,6,21,7,21,,,,,,21
1271,01/01/2021-00:00:00,bot26#870,43,mock reason text,mock server,mock channel,13,4,13,5,144,6,56,,,,,,56
1272,01/01/2021-00:00:00,bot3#942,36,mock reason text,mock server,mock channel,0,0,55,1,21,2,25,,,,,,25
1273,01/01/2021-00:00:00,bot39#1469,20,mock reason text,mock server,mock channel,144,7,55,8,0,9,66,,,,,,66
1274,01/01/2021-00:00:00,bot2#585,46,mock reason text,mock server,mock channel,0,9,0,0,144,1,48,,,,11,substraction comment,37
1275,01/01/2021-00:00:00,bot26#1599,48,mock reason text,mock server,mock channel,144,4,55,5,13,6,70,,,,,,70
1276,01/01/2021-00:00:00,bot23#1921,19,mock reason text,mock server,mock channel,144,4,55,5,13,6,70,,,,,,70
1277,01/01/2021-00:00:00,bot5#146,27,mock reason text,mock server,mock channel,21,0,0,1,21,2,14,,,,,,14
1278,01/01/2021-00:00:00,bot10#1573,4,mock reason text,mock server,mock channel,144,9,144,0,13,1,100,1338,,,,,0
1279,01/01/2021-00:00:00,bot21#780,10,mock reason text,mock server,mock channel,13,2,13,3,13,4,13,,,,,,13
1280,01/01/2021-00:00:00,bot37#722,42,mock reason text,mock server,mock channel,21,7,0,8,21,9,14,,,,,,14
1281,01/01/2021-00:00:00,bot11#1110,16,mock reason text,mock server,mock channel,144,4,144,5,144,6,144,,,,,,144
1282,01/01/2021-00:00:00,bot11#1050,42,mock reason text,mock server,mock channel,13,3,0,4,55,5,22,,,,,,22
1283,01/01/2021-00:00:00,bot19#1251,39,mock reason text,mock server,mock channel,144,7,144,8,13,9,100,,,,,,100
1284,01/01/2021-00:00:00,bot14#1460,27,mock reason text,mock server,mock channel,0,0,13,1,144,2,52,,,,,,52
1285,01/01/2021-00:00:00,bot2#1393,43,mock reason text,mock server,mock channel,13,0,13,1,0,2,8,,,,,,8
1286,01/01/2021-00:00:00,bot2#571,1,mock reason text,mock server,mock channel,55,8,144,9,55,0,84,,,,,,84
1287,01/01/2021-00:00:00,bot5#855,9,mock reason text,mock server,mock channel,0,4,0,5,0,6,0,,,,,,0
1288,01/01/2021-00:00:00,bot39#577,19,mock reason text,mock server,mock channel,13,3,13,4,144,5,56,,,,,,56
1289,01/01/2021-00:00:00,bot26#1558,11,mock reason text,mock server,mock channel,144,6,144,7,144,8,144,,,,,,144
1290,01/01/2021-00:00:00,bot2#409,36,mock reason text,mock server,mock channel,144,3,144,4,0,5,96,,,,,,96
1291,01/01/2021-00:00:00,bot16#47,3,mock reason text,mock server,mock channel,13,6,13,7,144,8,56,,,,,,56
1292,01/01/2021-00:00:00,bot9#1507,46,mock reason text,mock server,mock channel,21,2,21,3,144,4,62,,,,,,62
1293,01/01/2021-00:00:00,bot9#869,31,mock reason text,mock server,mock channel,21,5,144,6,21,7,62,,,,,,62
1294,01/01/2021-00:00:00,bot24#1243,46,mock reason text,mock server,mock channel,13,6,144,7,55,8,70,,,,,,70
1295,01/01/2021-00:00:00,bot4#194,28,mock reason text,mock server,mock channel,13,1,21,2,0,3,11,,,,,,11
1296,01/01/2021-00:00:00,bot26#241,25,mock reason text,mock server,mock channel,55,1,0,2,144,3,66,,,,,,66
1297,01/01/2021-00:00:00,bot7#1186,29,mock reason text,mock server,mock channel,55,3,21,4,21,5,32,,,,,,32
1298,01/01/2021-00:00:00,bot9#600,33,mock reason text,mock server,mock channel,55,6,144,7,144,8,114,,,,,,114
1299,01/01/2021-00:00:00,bot10#1141,9,mock reason text,mock server,mock channel,144,3,21,4,144,5,103,,,,,,103
1300,01/01/2021-00:00:00,bot45#35,12,mock reason text,mock server,mock channel,144,2,55,3,144,4,114,,,,,,114
1301,01/01/2021-00:00:00,bot37#1263,25,mock reason text,mock server,mock channel,144,8,13,9,55,0,70,,,,,,70
1302,01/01/2021-00:00:00,bot23#1858,41,mock reason text,mock server,mock channel,144,6,144,7,0,8,96,,,65,,addition comment,161
1303,01/01/2021-00:00:00,bot1#1754,8,mock reason text,mock server,mock channel,13,5,0,6,13,7,8,,,,,,8
1304,01/01/2021-00:00:00,bot36#341,45,mock reason text,mock server,mock channel,144,6,21,7,0,8,55,,,,,,55
1305,01/01/2021-00:00:00,bot36#54,12,mock reason text,mock server,mock channel,55,4,144,5,13,6,70,,,,,,70
1306,01/01/2021-00:00:00,bot37#1968,48,mock reason text,mock server,mock channel,144,4,144,5,144,6,144,,,,,,144
1307,01/01/2021-00:00:00,bot11#1803,20,mock reason text,mock server,mock channel,13,2,144,3,13,4,56,,,,,,56
1308,01/01/2021-00:00:00,bot26#222,39,mock reason text,mock server,mock channel,21,5,144,6,21,7,62,,,,,,62
1309,01/01/2021-00:00:00,bot3#1154,27,mock reason text,mock server,mock channel,13,5,21,6,13,7,15,,,,,,15
1310,01/01/2021-00:00:00,bot2#1731,21,mock reason text,mock server,mock channel,144,3,144,4,13,5,100,,,,,,100
1311,01/01/2021-00:00:00,bot15#1633,15,mock reason text,mock server,mock channel,0,3,13,4,0,5,4,,,,,,4
1312,01/01/2021-00:00:00,bot39#1354,16,mock reason text,mock server,mock channel,13,8,55,9,13,0,27,,,,,,27
1313,01/01/2021-00:00:00,bot2#1503,29,mock reason text,mock server,mock channel,21,1,13,2,55,3,29,,,,,,29
1314,01/01/2021-00:00:00,bot3#883,13,mock reason text,mock server,mock channel,55,9,55,0,0,1,36,,,,,,36
1315,01/01/2021-00:00:00,bot39#1366,48,mock reason text,mock server,mock channel,55,2,21,3,55,4,43,,,,,,43
1316,01/01/2021-00:00:00,bot8#1776,20,mock reason text,mock server,mock channel,55,8,21,9,21,0,32,,,,,,32
1317,01/01/2021-00:00:00,bot39#1136,47,mock reason text,mock server,mock channel,144,3,144,4,13,5,100,,,,,,100
1318,01/01/2021-00:00:00,bot11#1345,27,mock reason text,mock server,mock channel,0,2,0,3,13,4,4,,,,,,4
1319,01/01/2021-00:00:00,bot9#1378,5,mock reason text,mock server,mock channel,13,4,13,5,21,6,15,,,,,,15
1320,01/01/2021-00:00:00,bot1#686,46,mock reason text,mock server,mock channel,55,0,55,1,21,2,43,,,,,,43
1321,01/01/2021-00:00:00,bot11#214,20,mock reason text,mock server,mock channel,0,9,0,0,0,1,0,,,,,,0
1322,01/01/2021-00:00:00,bot2#936,46,mock reason text,mock server,mock channel,21,9,21,0,21,1,21,,,,,,21
1323,01/01/2021-00:00:00,bot3#835,9,mock reason text,mock server,mock channel,144,8,13,9,144,0,100,,,,,,100
1324,01/01/2021-00:00:00,bot2#1863,16,mock reason text,mock server,mock channel,21,2,21,3,21,4,21,,TRUE,,,,0
1325,01/01/2021-00:00:00,bot21#1635,36,mock reason text,mock server,mock channel,21,6,55,7,21,8,32,,,,,,32
1326,01/01/2021-00:00:00,bot23#1506,11,mock reason text,mock server,mock channel,144,6,144,7,13,8,100,,,,,,100
1327,01/01/2021-00:00:00,bot2#738,9,mock reason text,mock server,mock channel,21,3,55,4,144,5,73,,,,,,73
1328,01/01/2021-00:00:00,bot11#1568,14,mock reason text,mock server,mock channel,144,5,0,6,144,7,96,1272,,,,,0
1329,01/01/2021-00:00:00,bot3#1156,43,mock reason text,mock server,mock channel,144,4,144,5,0,6,96,,,,,,96
1330,01/01/2021-00:00:00,bot1#1639,37,mock reason text,mock server,mock channel,0,7,144,8,144,9,96,,,,,,96
1331,01/01/2021-00:00:00,bot3#1509,49,mock reason text,mock server,mock channel,0,7,144,8,0,9,48,,,,,,48
1332,01/01/2021-00:00:00,bot48#801,12,mock reason text,mock server,mock channel,13,9,13,0,55,1,27,,,,,,27
1333,01/01/2021-00:00:00,bot4#274,47,mock reason text,mock server,mock channel,0,5,13,6,13,7,8,,,,,,8
1334,01/01/2021-00:00:00,bot45#764,14,mock reason text,mock server,mock channel,13,3,55,4,21,5,29,,,,,,29
1335,01/01/2021-00:00:00,bot10#1303,23,mock reason text,mock server,mock channel,0,6,144,7,0,8,48,,,19,,addition comment,67
1336,01/01/2021-00:00:00,bot45#914,2,mock reason text,mock server,mock channel,21,7,21,8,55,9,32,,,,,,32
1337,01/01/2021-00:00:00,bot37#1377,39,mock reason text,mock server,mock channel,21,7,21,8,13,9,18,,,,,,18
1338,01/01/2021-00:00:00,bot4#699,16,mock reason text,mock server,mock channel,21,0,0,1,55,2,25,,,,,,25
1339,01/01/2021-00:00:00,bot11#1887,33,mock reason text,mock server,mock channel,55,3,13,4,55,5,41,,,,,,41
1340,01/01/2021-00:00:00,bot7#1706,2,mock reason text,mock server,mock channel,144,7,55,8,0,9,66,,,,,,66
1341,01/01/2021-00:00:00,bot7#1938,28,mock reason text,mock server,mock channel,144,6,144,7,144,8,144,,,,,,144
1342,01/01/2021-00:00:00,bot16#892,43,mock reason text,mock server,mock channel,0,0,13,1,144,2,52,,,,,,52
1343,01/01/2021-00:00:00,bot6#45,49,mock reason text,mock server,mock channel,0,6,0,7,0,8,0,,,,,,0
1344,01/01/2021-00:00:00,bot2#1350,19,mock reason text,mock server,mock channel,144,1,0,2,0,3,48,,TRUE,,,,0
1345,01/01/2021-00:00:00,bot2#303,35,mock reason text,mock server,mock channel,0,9,144,0,144,1,96,,,,,,96
1346,01/01/2021-00:00:00,bot11#1522,23,mock reason text,mock server,mock channel,0,2,21,3,13,4,11,,,,,,11
1347,01/01/2021-00:00:00,bot5#1816,41,mock reason text,mock server,mock channel,144,4,21,5,55,6,73,,,,,,73
1348,01/01/2021-00:00:00,bot7#1894,7,mock reason text,mock server,mock channel,13,9,0,0,13,1,8,,,,,,8
1349,01/01/2021-00:00:00,bot45#57,30,mock reason text,mock server,mock channel,55,6,55,7,13,8,41,,,,,,41
1350,01/01/2021-00:00:00,bot45#1415,29,mock reason text,mock server,mock channel,55,7,144,8,55,9,84,,,,,,84
1351,01/01/2021-00:00:00,bot26#55,13,mock reason text,mock server,mock channel,144,9,55,0,0,1,66,,,,,,66
1352,01/01/2021-00:00:00,bot9#1686,29,mock reason text,mock server,mock channel,21,5,13,6,55,7,29,,,,,,29
1353,01/01/2021-00:00:00,bot32#1726,47,mock reason text,mock server,mock channel,21,5,55,6,0,7,25,,,,,,25
1354,01/01/2021-00:00:00,bot4#1561,34,mock reason text,mock server,mock channel,144,5,144,6,144,7,144,,,,,,144
1355,01/01/2021-00:00:00,bot10#665,32,mock reason text,mock server,mock channel,0,0,55,1,13,2,22,,,,,,22
1356,01/01/2021-00:00:00,bot6#408,40,mock reason text,mock server,mock channel,13,2,0,3,0,4,4,,,,,,4
1357,01/01/2021-00:00:00,bot26#1459,7,mock reason text,mock server,mock channel,144,8,21,9,144,0,103,,,,,,103
1358,01/01/2021-00:00:00,bot26#1557,15,mock reason text,mock server,mock channel,0,5,13,6,144,7,52,,,,,,52
1359,01/01/2021-00:00:00,bot26#486,8,mock reason text,mock server,mock channel,21,7,13,8,13,9,15,,,,,,15
1360,01/01/2021-00:00:00,bot6#482,20,mock reason text,mock server,mock channel,13,3,55,4,13,5,27,,,,,,27
1361,01/01/2021-00:00:00,bot30#18,31,mock reason text,mock server,mock channel,144,3,55,4,144,5,114,,,,,,114
1362,01/01/2021-00:00:00,bot14#1958,32,mock reason text,mock server,mock channel,13,7,13,8,13,9,13,,,,,,13
1363,01/01/2021-00:00:00,bot26#1356,23,mock reason text,mock server,mock channel,21,4,21,5,0,6,14,,,,,,14
1364,01/01/2021-00:00:00,bot2#109,44,mock reason text,mock server,mock channel,144,5,55,6,144,7,114,,,,,,114
1365,01/01/2021-00:00:00,bot19#993,29,mock reason text,mock server,mock channel,0,8,0,9,144,0,48,,,,,,48
1366,01/01/2021-00:00:00,bot1#1097,15,mock reason text,mock server,mock channel,21,0,55,1,144,2,73,,,,,,73
1367,01/01/2021-00:00:00,bot6#1301,25,mock reason text,mock server,mock channel,144,6,144,7,144,8,144,,,86,,addition comment,230
1368,01/01/2021-00:00:00,bot11#1406,48,mock reason text,mock server,mock channel,144,8,55,9,0,0,66,,,,,,66
1369,01/01/2021-00:00:00,bot21#648,10,mock reason text,mock server,mock channel,13,6,13,7,0,8,8,,TRUE,,,,0
1370,01/01/2021-00:00:00,bot38#1489,27,mock reason text,mock server,mock channel,144,6,0,7,13,8,52,,,,,,52
1371,01/01/2021-00:00:00,bot39#1076,30,mock reason text,mock server,mock channel,21,4,144,5,55,6,73,,,,,,73
1372,01/01/2021-00:00:00,bot7#614,25,mock reason text,mock server,mock channel,55,0,55,1,21,2,43,,,,,,43
1373,01/01/2021-00:00:00,bot30#441,9,mock reason text,mock server,mock channel,144,6,0,7,55,8,66,,,,,,66
1374,01/01/2021-00:00:00,bot32#30,13,mock reason text,mock server,mock channel,13,7,21,8,13,9,15,,,,,,15
1375,01/01/2021-00:00:00,bot12#68,16,mock reason text,mock server,mock channel,55,6,144,7,55,8,84,,TRUE,,,,0
1376,01/01/2021-00:00:00,bot21#705,17,mock reason text,mock server,mock channel,0,9,13,0,13,1,8,,,,,,8
1377,01/01/2021-00:00:00,bot21#210,43,mock reason text,mock server,mock channel,144,5,21,6,0,7,55,,,,,,55
1378,01/01/2021-00:00:00,bot14#1199,34,mock reason text,mock server,mock channel,0,6,0,7,13,8,4,,,,,,4
1379,01/01/2021-00:00:00,bot10#1180,34,mock reason text,mock server,mock channel,21,8,55,9,13,0,29,,,,,,29
1380,01/01/2021-00:00:00,bot26#302,30,mock reason text,mock server,mock channel,0,7,21,8,0,9,7,,,,,,7
1381,01/01/2021-00:00:00,bot6#1458,29,mock reason text,mock server,mock channel,55,2,55,3,0,4,36,,,,,,36
1382,01/01/2021-00:00:00,bot45#1879,1,mock reason text,mock server,mock channel,0,0,21,1,0,2,7,,,,,,7
1383,01/01/2021-00:00:00,bot23#632,3,mock reason text,mock server,mock channel,144,6,144,7,144,8,144,,,,42,substraction comment,102
1384,01/01/2021-00:00:00,bot36#1466,8,mock reason text,mock server,mock channel,13,0,21,1,0,2,11,,,4,,addition comment,15
1385,01/01/2021-00:00:00,bot45#692,37,mock reason text,mock server,mock channel,55,6,21,7,55,8,43,,TRUE,,,,0
1386,01/01/2021-00:00:00,bot13#440,10,mock reason text,mock server,mock channel,21,6,21,7,21,8,21,,,,,,21
1387,01/01/2021-00:00:00,bot26#93,27,mock reason text,mock server,mock channel,55,5,13,6,21,7,29,1297,,,,,0
1388,01/01/2021-00:00:00,bot11#311,48,mock reason text,mock server,mock channel,55,2,55,3,55,4,55,,,,,,55
1389,01/01/2021-00:00:00,bot14#1864,29,mock reason text,mock server,mock channel,13,1,13,2,0,3,8,,,,,,8
1390,01/01/2021-00:00:00,bot2#1788,19,mock reason text,mock server,mock channel,21,4,21,5,144,6,62,,,,,,62
1391,01/01/2021-00:00:00,bot10#1796,0,mock reason text,mock server,mock channel,0,7,144,8,55,9,66,1288,,,,,0
1392,01/01/2021-00:00:00,bot11#625,4,mock reason text,mock server,mock channel,144,0,0,1,21,2,55,,,,,,55
1393,01/01/2021-00:00:00,bot23#778,2,mock reason text,mock server,mock channel,55,7,21,8,55,9,43,,,,,,43
1394,01/01/2021-00:00:00,bot30#1004,41,mock reason text,mock server,mock channel,21,4,0,5,21,6,14,,,,,,14
1395,01/01/2021-00:00:00,bot11#1227,12,mock reason text,mock server,mock channel,13,8,13,9,13,0,13,,,,,,13
1396,01/01/2021-00:00:00,bot4#733,23,mock reason text,mock server,mock channel,0,5,0,6,144,7,48,,,,,,48
1397,01/01/2021-00:00:00,bot6#37,24,mock reason text,mock server,mock channel,55,7,0,8,55,9,36,,,,,,36
1398,01/01/2021-00:00:00,bot21#1333,13,mock reason text,mock server,mock channel,0,4,13,5,13,6,8,,,,,,8
1399,01/01/2021-00:00:00,bot2#1346,13,mock reason text,mock server,mock channel,0,6,0,7,144,8,48,,,,,,48
1400,01/01/2021-00:00:00,bot26#111,4,mock reason text,mock server,mock channel,144,4,13,5,0,6,52,,,,,,52
1401,01/01/2021-00:00:00,bot1#237,33,mock reason text,mock server,mock channel,21,2,13,3,144,4,59,,,,,,59
1402,01/01/2021-00:00:00,bot4#930,18,mock reason text,mock server,mock channel,21,9,21,0,0,1,14,1407,,,,,0
1403,01/01/2021-00:00:00,bot2#592,45,mock reason text,mock server,mock channel,144,9,144,0,144,1,144,,,,0,substraction comment,144
1404,01/01/2021-00:00:00,bot8#938,18,mock reason text,mock server,mock channel,0,0,55,1,13,2,22,,,,,,22
1405,01/01/2021-00:00:00,bot9#923,29,mock reason text,mock server,mock channel,21,4,13,5,21,6,18,,,,,,18
1406,01/01/2021-00:00:00,bot10#434,8,mock reason text,mock server,mock channel,0,0,0,1,144,2,48,,,,,,48
1407,01/01/2021-00:00:00,bot11#483,44,mock reason text,mock server,mock channel,0,9,144,0,13,1,52,,,,,,52
1408,01/01/2021-00:00:00,bot7#1600,37,mock reason text,mock server,mock channel,0,7,144,8,144,9,96,,,,,,96
1409,01/01/2021-00:00:00,bot1#95,48,mock reason text,mock server,mock channel,144,9,55,0,13,1,70,,,,,,70
1410,01/01/2021-00:00:00,bot4#419,29,mock reason text,mock server,mock channel,0,4,144,5,0,6,48,,,,,,48
1411,01/01/2021-00:00:00,bot45#1854,14,mock reason text,mock server,mock channel,13,2,144,3,21,4,59,,,,,,59
1412,01/01/2021-00:00:00,bot30#1133,17,mock reason text,mock server,mock channel,13,5,13,6,21,7,15,,,,,,15
1413,01/01/2021-00:00:00,bot21#1933,34,mock reason text,mock server,mock channel,13,6,55,7,13,8,27,,,,,,27
1414,01/01/2021-00:00:00,bot45#1958,15,mock reason text,mock server,mock channel,21,4,144,5,13,6,59,,,,,,59
1415,01/01/2021-00:00:00,bot15#944,44,mock reason text,mock server,mock channel,55,5,144,6,55,7,84,,,,,,84
1416,01/01/2021-00:00:00,bot26#749,23,mock reason text,mock server,mock channel,0,8,0,9,21,0,7,,TRUE,,,,0
1417,01/01/2021-00:00:00,bot9#1562,32,mock reason text,mock server,mock channel,144,2,13,3,144,4,100,,,,,,100
1418,01/01/2021-00:00:00,bot45#1862,26,mock reason text,mock server,mock channel,55,8,55,9,0,0,36,,,,,,36
1419,01/01/2021-00:00:00,bot30#516,30,mock reason text,mock server,mock channel,21,1,21,2,13,3,18,,,,,,18
1420,01/01/2021-00:00:00,bot2#1874,1,mock reason text,mock server,mock channel,13,8,13,9,21,0,15,,,,,,15
1421,01/01/2021-00:00:00,bot36#1611,5,mock reason text,mock server,mock channel,21,1,13,2,13,3,15,,,,,,15
1422,01/01/2021-00:00:00,bot11#417,3,mock reason text,mock server,mock channel,0,8,0,9,0,0,0,,,,,,0
1423,01/01/2021-00:00:00,bot9#282,7,mock reason text,mock server,mock channel,144,3,144,4,144,5,144,,,,,,144
1424,01/01/2021-00:00:00,bot3#510,32,mock reason text,mock server,mock channel,55,7,0,8,55,9,36,,,,,,36
1425,01/01/2021-00:00:00,bot45#1479,27,mock reason text,mock server,mock channel,55,7,55,8,0,9,36,,,,,,36
1426,01/01/2021-00:00:00,bot12#202,37,mock reason text,mock server,mock channel,21,5,21,6,13,7,18,,,,,,18
1427,01/01/2021-00:00:00,bot11#1756,17,mock reason text,mock server,mock channel,0,0,0,1,13,2,4,,,,,,4
1428,01/01/2021-00:00:00,bot45#687,23,mock reason text,mock server,mock channel,21,5,144,6,21,7,62,,,,,,62
1429,01/01/2021-00:00:00,bot24#1241,20,mock reason text,mock server,mock channel,0,6,13,7,0,8,4,,,,,,4
1430,01/01/2021-00:00:00,bot9#243,47,mock reason text,mock server,mock channel,13,0,0,1,13,2,8,,,,,,8
1431,01/01/2021-00:00:00,bot21#749,26,mock reason text,mock server,mock channel,13,2,13,3,0,4,8,,,,,,8
1432,01/01/2021-00:00:00,bot21#490,11,mock reason text,mock server,mock channel,13,3,13,4,0,5,8,,,,,,8
1433,01/01/2021-00:00:00,bot2#1934,47,mock reason text,mock server,mock channel,0,6,0,7,21,8,7,,,,,,7
1434,01/01/2021-00:00:00,bot30#274,24,mock reason text,mock server,mock channel,55,6,21,7,13,8,29,,,27,,addition comment,56
1435,01/01/2021-00:00:00,bot16#20,10,mock reason text,mock server,mock channel,0,0,21,1,0,2,7,,,,,,7
1436,01/01/2021-00:00:00,bot8#1249,25,mock reason text,mock server,mock channel,13,8,13,9,144,0,56,,,,,,56
1437,01/01/2021-00:00:00,bot15#1728,23,mock reason text,mock server,mock channel,13,2,13,3,13,4,13,,,,,,13
1438,01/01/2021-00:00:00,bot21#107,22,mock reason text,mock server,mock channel,0,8,21,9,55,0,25,,,,,,25
1439,01/01/2021-00:00:00,bot1#1889,31,mock reason text,mock server,mock channel,55,2,21,3,144,4,73,,TRUE,,,,0
1440,01/01/2021-00:00:00,bot37#938,13,mock reason text,mock server,mock channel,21,6,21,7,21,8,21,,,,18,substraction comment,3
1441,01/01/2021-00:00:00,bot2#1997,37,mock reason text,mock server,mock channel,0,8,0,9,0,0,0,,,,,,0
1442,01/01/2021-00:00:00,bot3#1704,2,mock reason text,mock server,mock channel,55,8,55,9,55,0,55,,,,,,55
1443,01/01/2021-00:00:00,bot29#200,0,mock reason text,mock server,mock channel,21,4,21,5,13,6,18,,,,,,18
1444,01/01/2021-00:00:00,bot11#392,28,mock reason text,mock server,mock channel,21,3,13,4,0,5,11,,TRUE,,,,0
1445,01/01/2021-00:00:00,bot15#689,14,mock reason text,mock server,mock channel,55,8,21,9,0,0,25,,,,,,25
1446,01/01/2021-00:00:00,bot3#73,44,mock reason text,mock server,mock channel,55,9,55,0,21,1,43,,,,,,43
1447,01/01/2021-00:00:00,bot11#779,0,mock reason text,mock server,mock channel,55,3,21,4,21,5,32,,,,,,32
1448,01/01/2021-00:00:00,bot2#355,31,mock reason text,mock server,mock channel,0,1,21,2,144,3,55,,,,,,55
1449,01/01/2021-00:00:00,bot39#902,41,mock reason text,mock server,mock channel,13,5,0,6,13,7,8,,,,,,8
1450,01/01/2021-00:00:00,bot45#1576,42,mock reason text,mock server,mock channel,21,6,21,7,21,8,21,,,,,,21
1451,01/01/2021-00:00:00,bot11#1094,41,mock reason text,mock server,mock channel,13,1,0,2,144,3,52,,,,,,52
1452,01/01/2021-00:00:00,bot3#1939,34,mock reason text,mock server,mock channel,0,8,0,9,144,0,48,,,,,,48
1453,01/01/2021-00:00:00,bot26#1544,33,mock reason text,mock server,mock channel,144,1,144,2,13,3,100,,,,,,100
1454,01/01/2021-00:00:00,bot30#1455,22,mock reason text,mock server,mock channel,21,7,13,8,13,9,15,,,,0,substraction comment,15
1455,01/01/2021-00:00:00,bot10#1975,40,mock reason text,mock server,mock channel,21,6,21,7,0,8,14,,,,,,14
1456,01/01/2021-00:00:00,bot3#8,15,mock reason text,mock server,mock channel,144,4,144,5,55,6,114,,,,,,114
1457,01/01/2021-00:00:00,bot30#1678,9,mock reason text,mock server,mock channel,55,1,21,2,21,3,32,,,,,,32
1458,01/01/2021-00:00:00,bot3#745,39,mock reason text,mock server,mock channel,144,4,0,5,144,6,96,,,,,,96
1459,01/01/2021-00:00:00,bot9#1628,40,mock reason text,mock server,mock channel,55,1,55,2,21,3,43,,,,,,43
1460,01/01/2021-00:00:00,bot6#1556,34,mock reason text,mock server,mock channel,13,5,0,6,21,7,11,,,,,,11
1461,01/01/2021-00:00:00,bot7#984,1,mock reason text,mock server,mock channel,13,0,55,1,13,2,27,,,,,,27
1462,01/01/2021-00:00:00,bot24#784,4,mock reason text,mock server,mock channel,0,3,0,4,0,5,0,,,,,,0
1463,01/01/2021-00:00:00,bot3#947,8,mock reason text,mock server,mock channel,144,9,144,0,13,1,100,,,,,,100
1464,01/01/2021-00:00:00,bot14#381,12,mock reason text,mock server,mock channel,0,5,0,6,55,7,18,,,,,,18
1465,01/01/2021-00:00:00,bot2#419,38,mock reason text,mock server,mock channel,144,5,0,6,55,7,66,,,,,,66
1466,01/01/2021-00:00:00,bot3#1567,39,mock reason text,mock server,mock channel,13,4,13,5,144,6,56,,,,,,56
1467,01/01/2021-00:00:00,bot10#1912,3,mock reason text,mock server,mock channel,144,8,144,9,144,0,144,,,,,,144
1468,01/01/2021-00:00:00,bot39#1019,37,mock reason text,mock server,mock channel,21,6,13,7,55,8,29,,,,,,29
1469,01/01/2021-00:00:00,bot2#660,21,mock reason text,mock server,mock channel,144,0,55,1,144,2,114,,,,,,114
1470,01/01/2021-00:00:00,bot21#1489,13,mock reason text,mock server,mock channel,13,9,0,0,0,1,4,,,,,,4
1471,01/01/2021-00:00:00,bot4#1575,3,mock reason text,mock server,mock channel,144,3,13,4,144,5,100,,,,,,100
1472,01/01/2021-00:00:00,bot26#1719,19,mock reason text,mock server,mock channel,0,7,55,8,144,9,66,,,,,,66
1473,01/01/2021-00:00:00,bot1#420,19,mock reason text,mock server,mock channel,144,6,144,7,0,8,96,,,,,,96
1474,01/01/2021-00:00:00,bot43#1140,23,mock reason text,mock server,mock channel,55,1,144,2,55,3,84,,,,,,84
1475,01/01/2021-00:00:00,bot8#1883,19,mock reason text,mock server,mock channel,144,9,144,0,144,1,144,,,,,,144
1476,01/01/2021-00:00:00,bot36#373,20,mock reason text,mock server,mock channel,0,6,0,7,0,8,0,,,,,,0
1477,01/01/2021-00:00:00,bot30#751,34,mock reason text,mock server,mock channel,144,4,55,5,13,6,70,,,31,,addition comment,101
1478,01/01/2021-00:00:00,bot6#308,15,mock reason text,mock server,mock channel,55,1,144,2,55,3,84,,,,,,84
1479,01/01/2021-00:00:00,bot39#1302,25,mock reason text,mock server,mock channel,21,9,21,0,0,1,14,,,,,,14
1480,01/01/2021-00:00:00,bot14#1040,41,mock reason text,mock server,mock channel,21,7,55,8,13,9,29,,,,,,29
1481,01/01/2021-00:00:00,bot23#307,26,mock reason text,mock server,mock channel,0,6,0,7,0,8,0,,,,,,0
1482,01/01/2021-00:00:00,bot1#1104,0,mock reason text,mock server,mock channel,21,4,21,5,21,6,21,,,0,,addition comment,21
1483,01/01/2021-00:00:00,bot39#1838,28,mock reason text,mock server,mock channel,55,4,55,5,55,6,55,,,,,,55
1484,01/01/2021-00:00:00,bot10#1975,44,mock reason text,mock server,mock channel,21,9,13,0,21,1,18,,,,,,18
1485,01/01/2021-00:00:00,bot8#1019,42,mock reason text,mock server,mock channel,21,6,21,7,55,8,32,,,,,,32
1486,01/01/2021-00:00:00,bot37#1575,17,mock reason text,mock server,mock channel,55,8,144,9,55,0,84,,,,,,84
1487,01/01/2021-00:00:00,bot13#400,38,mock reason text,mock server,mock channel,144,9,55,0,0,1,66,,,,,,66
1488,01/01/2021-00:00:00,bot3#1037,9,mock reason text,mock server,mock channel,21,1,13,2,21,3,18,,,,8,substraction comment,10
1489,01/01/2021-00:00:00,bot26#1919,34,mock reason text,mock server,mock channel,55,2,55,3,13,4,41,,,,,,41
1490,01/01/2021-00:00:00,bot43#1502,35,mock reason text,mock server,mock channel,144,3,144,4,13,5,100,,,,,,100
1491,01/01/2021-00:00:00,bot15#1969,19,mock reason text,mock server,mock channel,0,3,13,4,55,5,22,,,,,,22
1492,01/01/2021-00:00:00,bot2#583,43,mock reason text,mock server,mock channel,21,7,55,8,21,9,32,,,,,,32
1493,01/01/2021-00:00:00,bot12#1185,42,mock reason text,mock server,mock channel,0,7,21,8,0,9,7,,,,,,7
1494,01/01/2021-00:00:00,bot14#417,33,mock reason text,mock server,mock channel,144,7,0,8,144,9,96,,,,,,96
1495,01/01/2021-00:00:00,bot12#58,2,mock reason text,mock server,mock channel,21,9,144,0,55,1,73,,,,,,73
1496,01/01/2021-00:00:00,bot21#1907,5,mock reason text,mock server,mock channel,55,4,55,5,13,6,41,,,,,,41
1497,01/01/2021-00:00:00,bot14#1035,4,mock reason text,mock server,mock channel,13,5,55,6,21,7,29,,,,,,29
1498,01/01/2021-00:00:00,bot4#302,25,mock reason text,mock server,mock channel,21,0,13,1,55,2,29,,,,,,29
1499,01/01/2021-00:00:00,bot37#1419,9,mock reason text,mock server,mock channel,0,0,21,1,0,2,7,,,,,,7
1500,01/01/2021-00:00:00,bot6#1709,11,mock reason text,mock server,mock channel,144,6,144,7,55,8,114,,,,,,114
