"DATE","TO","TO ETH ADDRESS","FROM","FROM ETH ADDRESS","REASON","SOURCE ID","SOURCE NAME","QUANT SCORE 1","QUANT SCORE 2","QUANT SCORE 3","DUPLICATE ID 1","DUPLICATE ID 2","DUPLICATE ID 3","DISMISSED 1","DISMISSED 2","DISMISSED 3","AVG QUANT"
"2021-11-30","heater#9765",,"sidcode#1729","0xd0ef3a2Ae7Fb496C0897400f1be46693B6183B0a","helping clarify answers on the praise system and the governauts program in the office hours üôÇ","DISCORD:810180621930070088:810180622336262195","DISCORD:Token%20Engineering%20Commons:%F0%9F%99%8F%EF%BD%9Cpraise",8,8,21,,,,false,false,false,12.333333333333334
"2021-11-30","Juankbell#7458",,"innov8tor3#3988",,"his stewardship in Graviton growth activities","DISCORD:810180621930070088:810180622336262195","DISCORD:Token%20Engineering%20Commons:%F0%9F%99%8F%EF%BD%9Cpraise",13,89,21,,,,false,false,false,41
"2021-11-30","EdgarWeb3#5783",,"NikosamA98#5909",,"inviting me to the server üòÑ","DISCORD:810180621930070088:810180622336262195","DISCORD:Token%20Engineering%20Commons:%F0%9F%99%8F%EF%BD%9Cpraise",5,5,8,,,,false,false,false,6
"2021-11-30","chuygarcia.eth#6692",,"Sapote#7653",,"introducing me to this community and project","DISCORD:810180621930070088:810180622336262195","DISCORD:Token%20Engineering%20Commons:%F0%9F%99%8F%EF%BD%9Cpraise",8,13,3,,,,false,false,false,8
"2021-11-30","NikosamA98#5909",,"eduardovegap#0422",,"engaging and participating on the Orientation call! Amazing to have you here!","DISCORD:810180621930070088:810180622336262195","DISCORD:Token%20Engineering%20Commons:%F0%9F%99%8F%EF%BD%9Cpraise",3,1,3,,,,false,false,false,2.3333333333333335
"2021-11-30","Sapote#7653",,"eduardovegap#0422",,"engaging and participating on the Orientation call! Amazing to have you here!","DISCORD:810180621930070088:810180622336262195","DISCORD:Token%20Engineering%20Commons:%F0%9F%99%8F%EF%BD%9Cpraise",0,1,1,,,,true,false,false,0.6666666666666666
"2021-11-30","natesuits#4789",,"eduardovegap#0422",,"engaging and participating on the Orientation call! Amazing to have you here!","DISCORD:810180621930070088:810180622336262195","DISCORD:Token%20Engineering%20Commons:%F0%9F%99%8F%EF%BD%9Cpraise",5,1,5,,,,false,false,false,3.6666666666666665
"2021-11-30","ALOYSIOUS#3049",,"eduardovegap#0422",,"engaging and participating on the Orientation call! Amazing to have you here!","DISCORD:810180621930070088:810180622336262195","DISCORD:Token%20Engineering%20Commons:%F0%9F%99%8F%EF%BD%9Cpraise",1,3,5,,,,false,false,false,3
"2021-11-30","EdgarWeb3#5783",,"eduardovegap#0422",,"engaging and participating on the Orientation call! Amazing to have you here!","DISCORD:810180621930070088:810180622336262195","DISCORD:Token%20Engineering%20Commons:%F0%9F%99%8F%EF%BD%9Cpraise",3,0,3,,,,false,true,false,2
"2021-11-30","Tam2140#9361",,"eduardovegap#0422",,"engaging and participating on the Orientation call! Amazing to have you here!","DISCORD:810180621930070088:810180622336262195","DISCORD:Token%20Engineering%20Commons:%F0%9F%99%8F%EF%BD%9Cpraise",5,3,1,,,,false,false,false,3
"2021-11-30","John V#2787",,"eduardovegap#0422",,"engaging and participating on the Orientation call! Amazing to have you here!","DISCORD:810180621930070088:810180622336262195","DISCORD:Token%20Engineering%20Commons:%F0%9F%99%8F%EF%BD%9Cpraise",0,1,1,,,,false,false,false,0.6666666666666666
"2021-11-30","PadInLa#7633",,"eduardovegap#0422",,"engaging and participating on the Orientation call! Amazing to have you here!","DISCORD:810180621930070088:810180622336262195","DISCORD:Token%20Engineering%20Commons:%F0%9F%99%8F%EF%BD%9Cpraise",0,1,0,,,,false,false,false,0.3333333333333333
"2021-11-30","Sohan#2187",,"eduardovegap#0422",,"engaging and participating on the Orientation call! Amazing to have you here!","DISCORD:810180621930070088:810180622336262195","DISCORD:Token%20Engineering%20Commons:%F0%9F%99%8F%EF%BD%9Cpraise",0,0,1,,,,false,false,false,0.3333333333333333
"2021-11-30","Terexitarius#4750",,"eduardovegap#0422",,"engaging and participating on the Orientation call! Amazing to have you here!","DISCORD:810180621930070088:810180622336262195","DISCORD:Token%20Engineering%20Commons:%F0%9F%99%8F%EF%BD%9Cpraise",0,1,0,,,,false,false,true,0.3333333333333333
"2021-11-30","zadok7.eth#0007",,"eduardovegap#0422",,"engaging and participating on the Orientation call! Amazing to have you here!","DISCORD:810180621930070088:810180622336262195","DISCORD:Token%20Engineering%20Commons:%F0%9F%99%8F%EF%BD%9Cpraise",1,0,0,,,,false,true,false,0.3333333333333333
"2021-11-30","delightfulabyss.eth#3679",,"eduardovegap#0422",,"engaging and participating on the Orientation call! Amazing to have you here!","DISCORD:810180621930070088:810180622336262195","DISCORD:Token%20Engineering%20Commons:%F0%9F%99%8F%EF%BD%9Cpraise",0,1,1,,,,false,false,false,0.6666666666666666
"2021-11-30","chuygarcia.eth#6692",,"eduardovegap#0422",,"engaging and participating on the Orientation call! Amazing to have you here!","DISCORD:810180621930070088:810180622336262195","DISCORD:Token%20Engineering%20Commons:%F0%9F%99%8F%EF%BD%9Cpraise",3,5,1,,,,false,false,false,3
"2021-11-30","Tam2140#9361",,"natesuits#4789",,"walking the Stewards through the AAR for timeline extension.  Great exercise, great execution, and very beneficial!","DISCORD:810180621930070088:810180622336262195","DISCORD:Token%20Engineering%20Commons:%F0%9F%99%8F%EF%BD%9Cpraise",13,55,5,,,,false,false,false,24.333333333333332
"2021-12-01","kristofer#1475","0xa32aECda752cF4EF89956e83d60C04835d4FA867","liviade#1387","0xF8D1d34956cEa24718cf8687588D6FeDbc6d9AA6","making the slides for the new reward system working group and taking on the first presentation in the community call!","DISCORD:810180621930070088:810180622336262195","DISCORD:Token%20Engineering%20Commons:%F0%9F%99%8F%EF%BD%9Cpraise",1,13,21,,,,false,false,false,11.666666666666666
"2021-12-01","MS#4235",,"Nuggan#5183","0x0Bf920dfE6D36829aB5b0e153857D4CA689E46fB","still finding time to be a kickass contributor while managing all that's happening in the day job","DISCORD:810180621930070088:810180622336262195","DISCORD:Token%20Engineering%20Commons:%F0%9F%99%8F%EF%BD%9Cpraise",8,8,13,,,,false,false,false,9.666666666666666
"2021-12-01","divine_comedian#5493","0x320c338BCF70bAAaE26e96201C33B48105Bc62C2","Juankbell#7458",,"his wonderful taco recipe that i'm still eating as lunch today","DISCORD:810180621930070088:810180622336262195","DISCORD:Token%20Engineering%20Commons:%F0%9F%99%8F%EF%BD%9Cpraise",1,1,0,,,,false,false,true,0.6666666666666666
"2021-12-01","teodoro.criscione#0572",,"inventandchill#7140",,"sharing python parser of TE praise data","DISCORD:810180621930070088:810180622336262195","DISCORD:Token%20Engineering%20Commons:%F0%9F%99%8F%EF%BD%9Cpraise",8,34,21,,,,false,false,false,21
"2021-12-01","liviade#1387","0xF8D1d34956cEa24718cf8687588D6FeDbc6d9AA6","inventandchill#7140",,"POWER)))","DISCORD:810180621930070088:810180622336262195","DISCORD:Token%20Engineering%20Commons:%F0%9F%99%8F%EF%BD%9Cpraise",1,0,0,,,,false,true,true,0.3333333333333333
"2021-12-01","Juankbell#7458",,"liviade#1387","0xF8D1d34956cEa24718cf8687588D6FeDbc6d9AA6","helping me out with admin problems and for giving praise powers to Andy!","DISCORD:810180621930070088:810180622336262195","DISCORD:Token%20Engineering%20Commons:%F0%9F%99%8F%EF%BD%9Cpraise",5,13,5,,,,false,false,false,7.666666666666667
"2021-12-01","haxelax#8585",,"liviade#1387","0xF8D1d34956cEa24718cf8687588D6FeDbc6d9AA6","the attention they are giving to the TEC praise system and the incredible reflections and questions coming out of this conversations","DISCORD:810180621930070088:810180622336262195","DISCORD:Token%20Engineering%20Commons:%F0%9F%99%8F%EF%BD%9Cpraise",8,8,13,,,,false,false,false,9.666666666666666
"2021-12-01","ALOYSIOUS#3049",,"liviade#1387","0xF8D1d34956cEa24718cf8687588D6FeDbc6d9AA6","the attention they are giving to the TEC praise system and the incredible reflections and questions coming out of this conversations","DISCORD:810180621930070088:810180622336262195","DISCORD:Token%20Engineering%20Commons:%F0%9F%99%8F%EF%BD%9Cpraise",3,5,13,,,,false,false,false,7
"2021-12-01","inventandchill#7140",,"liviade#1387","0xF8D1d34956cEa24718cf8687588D6FeDbc6d9AA6","the attention they are giving to the TEC praise system and the incredible reflections and questions coming out of this conversations","DISCORD:810180621930070088:810180622336262195","DISCORD:Token%20Engineering%20Commons:%F0%9F%99%8F%EF%BD%9Cpraise",21,13,13,,,,false,false,false,15.666666666666666
"2021-12-01","teodoro.criscione#0572",,"liviade#1387","0xF8D1d34956cEa24718cf8687588D6FeDbc6d9AA6","the attention they are giving to the TEC praise system and the incredible reflections and questions coming out of this conversations","DISCORD:810180621930070088:810180622336262195","DISCORD:Token%20Engineering%20Commons:%F0%9F%99%8F%EF%BD%9Cpraise",21,34,13,,,,false,false,false,22.666666666666668
"2021-12-01","PhilH#1102","0xAa01DeC5307CF17F20881A3286dcaA062578cea7","liviade#1387","0xF8D1d34956cEa24718cf8687588D6FeDbc6d9AA6","the attention they are giving to the TEC praise system and the incredible reflections and questions coming out of this conversations","DISCORD:810180621930070088:810180622336262195","DISCORD:Token%20Engineering%20Commons:%F0%9F%99%8F%EF%BD%9Cpraise",13,34,13,,,,false,false,false,20
"2021-12-01","Parrachia#0450","0xE42F8E2c4b778Fcd572C55e457ED77DB4cB20A69","liviade#1387","0xF8D1d34956cEa24718cf8687588D6FeDbc6d9AA6","the attention they are giving to the TEC praise system and the incredible reflections and questions coming out of this conversations","DISCORD:810180621930070088:810180622336262195","DISCORD:Token%20Engineering%20Commons:%F0%9F%99%8F%EF%BD%9Cpraise",13,34,13,,,,false,false,false,20
"2021-12-01","sidcode#1729","0xd0ef3a2Ae7Fb496C0897400f1be46693B6183B0a","liviade#1387","0xF8D1d34956cEa24718cf8687588D6FeDbc6d9AA6","the attention they are giving to the TEC praise system and the incredible reflections and questions coming out of this conversations","DISCORD:810180621930070088:810180622336262195","DISCORD:Token%20Engineering%20Commons:%F0%9F%99%8F%EF%BD%9Cpraise",3,21,13,,,,false,false,false,12.333333333333334
"2021-12-01","DecentralizeSDGs#7544",,"liviade#1387","0xF8D1d34956cEa24718cf8687588D6FeDbc6d9AA6","the attention they are giving to the TEC praise system and the incredible reflections and questions coming out of this conversations","DISCORD:810180621930070088:810180622336262195","DISCORD:Token%20Engineering%20Commons:%F0%9F%99%8F%EF%BD%9Cpraise",21,89,34,,,,false,false,false,48
"2021-12-01","ygg_anderson#4998",,"PhilH#1102","0xAa01DeC5307CF17F20881A3286dcaA062578cea7","their support and guidance in TEC rewards system breakout rooms","DISCORD:810180621930070088:810180622336262195","DISCORD:Token%20Engineering%20Commons:%F0%9F%99%8F%EF%BD%9Cpraise",13,13,8,,,,false,false,false,11.333333333333334
"2021-12-01","akrtws (TE Academy)#4246",,"PhilH#1102","0xAa01DeC5307CF17F20881A3286dcaA062578cea7","their support and guidance in TEC rewards system breakout rooms","DISCORD:810180621930070088:810180622336262195","DISCORD:Token%20Engineering%20Commons:%F0%9F%99%8F%EF%BD%9Cpraise",8,8,13,,,,false,false,false,9.666666666666666
"2021-12-01","Zeptimus#3359","0x4d5Dd4d81D773c05cE27AbA03e2f3E346c3F8E54","Nuggan#5183","0x0Bf920dfE6D36829aB5b0e153857D4CA689E46fB","recording and uploading all the calls behind the scenes","DISCORD:810180621930070088:810180622336262195","DISCORD:Token%20Engineering%20Commons:%F0%9F%99%8F%EF%BD%9Cpraise",5,0,8,,,,false,false,false,4.333333333333333
"2021-12-01","Vyvy-vi#5040","0x2fA130927814B590623031e846f059df9554FdDe","liviade#1387","0xF8D1d34956cEa24718cf8687588D6FeDbc6d9AA6","being so attentive and jumping into problem solving so quick üôè  thank you!","DISCORD:810180621930070088:810180622336262195","DISCORD:Token%20Engineering%20Commons:%F0%9F%99%8F%EF%BD%9Cpraise",21,21,8,,,,false,false,false,16.666666666666668
"2021-12-01","Zeptimus#3359","0x4d5Dd4d81D773c05cE27AbA03e2f3E346c3F8E54","Juankbell#7458",,"being the first ever donor for the Gravity Gitcoin grant üôÇ","DISCORD:810180621930070088:810180622336262195","DISCORD:Token%20Engineering%20Commons:%F0%9F%99%8F%EF%BD%9Cpraise",1,21,8,,,,false,false,false,10
"2021-12-01","liviade#1387","0xF8D1d34956cEa24718cf8687588D6FeDbc6d9AA6","Nuggan#5183","0x0Bf920dfE6D36829aB5b0e153857D4CA689E46fB","building bridges to other corners of the space allowing us all to grow  and build together","DISCORD:810180621930070088:810180622336262195","DISCORD:Token%20Engineering%20Commons:%F0%9F%99%8F%EF%BD%9Cpraise",5,8,3,,,,false,false,false,5.333333333333333
"2021-12-01","Juankbell#7458",,"Nuggan#5183","0x0Bf920dfE6D36829aB5b0e153857D4CA689E46fB","his calming presence in calls and asking great questions","DISCORD:810180621930070088:810180622336262195","DISCORD:Token%20Engineering%20Commons:%F0%9F%99%8F%EF%BD%9Cpraise",3,13,5,,,,false,false,false,7
"2021-12-01","MS#4235",,"Jolie_Ze#0295",,"playing scheduling tag with me trying to get together for a 1:1 to get to know each other better!","DISCORD:810180621930070088:810180622336262195","DISCORD:Token%20Engineering%20Commons:%F0%9F%99%8F%EF%BD%9Cpraise",8,5,1,,,,false,false,false,4.666666666666667
"2021-12-01","Nuggan#5183","0x0Bf920dfE6D36829aB5b0e153857D4CA689E46fB","Jolie_Ze#0295",,"their contributions to the Reward Board WG agenda bringing up important topics like power & params for us to discuss as a team","DISCORD:810180621930070088:810180622336262195","DISCORD:Token%20Engineering%20Commons:%F0%9F%99%8F%EF%BD%9Cpraise",5,5,13,,,,false,false,false,7.666666666666667
"2021-12-01","chuygarcia.eth#6692",,"Zeptimus#3359","0x4d5Dd4d81D773c05cE27AbA03e2f3E346c3F8E54","representing tec on the gnosis stake multisig","DISCORD:810180621930070088:810180622336262195","DISCORD:Token%20Engineering%20Commons:%F0%9F%99%8F%EF%BD%9Cpraise",5,21,13,,,,false,false,false,13
"2021-12-01","Juankbell#7458",,"Zeptimus#3359","0x4d5Dd4d81D773c05cE27AbA03e2f3E346c3F8E54","creating and pushing the gravity grant","DISCORD:810180621930070088:810180622336262195","DISCORD:Token%20Engineering%20Commons:%F0%9F%99%8F%EF%BD%9Cpraise",3,55,21,,,,false,false,false,26.333333333333332
"2021-12-01","acidlazzer#5796",,"Zeptimus#3359","0x4d5Dd4d81D773c05cE27AbA03e2f3E346c3F8E54","all the designs everywhere specially youtube ü•∞","DISCORD:810180621930070088:810180622336262195","DISCORD:Token%20Engineering%20Commons:%F0%9F%99%8F%EF%BD%9Cpraise",13,8,34,,,,false,false,false,18.333333333333332
"2021-12-01","Jolie_Ze#0295",,"Zeptimus#3359","0x4d5Dd4d81D773c05cE27AbA03e2f3E346c3F8E54","the high vibes üôè","DISCORD:810180621930070088:810180622336262195","DISCORD:Token%20Engineering%20Commons:%F0%9F%99%8F%EF%BD%9Cpraise",5,3,3,,,,false,false,false,3.6666666666666665
"2021-12-01","Tam2140#9361",,"Zeptimus#3359","0x4d5Dd4d81D773c05cE27AbA03e2f3E346c3F8E54","quickly sharing screen after  connection failed praise griff to for hosting it every week üôè","DISCORD:810180621930070088:810180622336262195","DISCORD:Token%20Engineering%20Commons:%F0%9F%99%8F%EF%BD%9Cpraise",5,3,0,,,,false,false,true,2.6666666666666665
"2021-12-01","liviade#1387","0xF8D1d34956cEa24718cf8687588D6FeDbc6d9AA6","Zeptimus#3359","0x4d5Dd4d81D773c05cE27AbA03e2f3E346c3F8E54","quickly sharing screen after griff  connection failed praise griff to for hosting it every week pray","DISCORD:810180621930070088:810180622336262195","DISCORD:Token%20Engineering%20Commons:%F0%9F%99%8F%EF%BD%9Cpraise",3,5,5,,,,false,false,false,4.333333333333333
"2021-12-01","Vyvy-vi#5040","0x2fA130927814B590623031e846f059df9554FdDe","chuygarcia.eth#6692",,"becoming the christmas potato <:peeposanta:873264650513420338> ü•î","DISCORD:810180621930070088:810180622336262195","DISCORD:Token%20Engineering%20Commons:%F0%9F%99%8F%EF%BD%9Cpraise",8,8,8,,,,false,false,false,8
"2021-12-01","Nuggan#5183","0x0Bf920dfE6D36829aB5b0e153857D4CA689E46fB","MS#4235",,"doing so much heavy lifting on the data analysis area for rewards. I continuously learn from our meetings together!","DISCORD:810180621930070088:810180622336262195","DISCORD:Token%20Engineering%20Commons:%F0%9F%99%8F%EF%BD%9Cpraise",8,8,34,,,,false,false,false,16.666666666666668
"2021-12-01","GideonRo#3175",,"MS#4235",,"going through a 1.5 hour call with me, helping foster really great ideas, answer questions I have about TEC, and helping create a plan for the next couple of days üòé  - the collaborative brainstorming was energizing! üî•","DISCORD:810180621930070088:810180622336262195","DISCORD:Token%20Engineering%20Commons:%F0%9F%99%8F%EF%BD%9Cpraise",13,13,21,,,,false,false,false,15.666666666666666
"2021-12-01","MS#4235",,"GideonRo#3175",,"a super productive meeting coordinating how we want to work together in helping Communitas. Great to compare notes on priorities and nice to be able to connect around why we're each doing this work.","DISCORD:810180621930070088:810180622336262195","DISCORD:Token%20Engineering%20Commons:%F0%9F%99%8F%EF%BD%9Cpraise",8,5,3,,,,false,false,false,5.333333333333333
"2021-12-02","freshelle#9882",,"eduardovegap#0422",,"all her work behind the scenes and keeping track of the payments and support provided with them <3, thank you so much for your hard work.","DISCORD:810180621930070088:810180622336262195","DISCORD:Token%20Engineering%20Commons:%F0%9F%99%8F%EF%BD%9Cpraise",8,8,34,,,,false,false,false,16.666666666666668
"2021-12-02","acidlazzer#5796",,"Fobey.eth#4516",,"the amazing work for TEC magic storyüòÉ","DISCORD:810180621930070088:810180622336262195","DISCORD:Token%20Engineering%20Commons:%F0%9F%99%8F%EF%BD%9Cpraise",8,8,8,,,,false,false,false,8
"2021-12-02","Nuggan#5183","0x0Bf920dfE6D36829aB5b0e153857D4CA689E46fB","Fobey.eth#4516",,"the amazing work for TEC magic storyüòÉ","DISCORD:810180621930070088:810180622336262195","DISCORD:Token%20Engineering%20Commons:%F0%9F%99%8F%EF%BD%9Cpraise",5,1,8,,,,false,false,false,4.666666666666667
"2021-12-02","MS#4235",,"Fobey.eth#4516",,"the amazing work for TEC magic storyüòÉ","DISCORD:810180621930070088:810180622336262195","DISCORD:Token%20Engineering%20Commons:%F0%9F%99%8F%EF%BD%9Cpraise",13,8,13,,,,false,false,false,11.333333333333334
"2021-12-02","eduardovegap#0422",,"Fobey.eth#4516",,"the amazing work for TEC magic storyüòÉ","DISCORD:810180621930070088:810180622336262195","DISCORD:Token%20Engineering%20Commons:%F0%9F%99%8F%EF%BD%9Cpraise",5,8,21,,,,false,false,false,11.333333333333334
"2021-12-02","divine_comedian#5493","0x320c338BCF70bAAaE26e96201C33B48105Bc62C2","MS#4235",,"graciously hopping into the VC when I was there an hour early and still connecting w. me! It helped me align where I should place some energy and focus for today üôè","DISCORD:810180621930070088:810180622336262195","DISCORD:Token%20Engineering%20Commons:%F0%9F%99%8F%EF%BD%9Cpraise",5,3,3,,,,false,false,false,3.6666666666666665
"2021-12-02","acidlazzer#5796",,"MS#4235",,"helping refine the welcome bot icon in a way that includes personality and some cool branding! üòé","DISCORD:810180621930070088:810180622336262195","DISCORD:Token%20Engineering%20Commons:%F0%9F%99%8F%EF%BD%9Cpraise",5,8,13,,,,false,false,false,8.666666666666666
"2021-12-02","Tam2140#9361",,"iviangita#3204",,"mentioning or retweeting TE Commons on the socials the past week! Thank you for helping us grow the Token Engineering Commons community and spreading the message! üôèüèº‚ò∫Ô∏è","DISCORD:810180621930070088:810180622336262195","DISCORD:Token%20Engineering%20Commons:%F0%9F%99%8F%EF%BD%9Cpraise",1,1,0,,,,false,false,true,0.6666666666666666
"2021-12-02","Ekeneodigwe#1502",,"iviangita#3204",,"mentioning or retweeting TE Commons on the socials the past week! Thank you for helping us grow the Token Engineering Commons community and spreading the message! üôèüèº‚ò∫Ô∏è","DISCORD:810180621930070088:810180622336262195","DISCORD:Token%20Engineering%20Commons:%F0%9F%99%8F%EF%BD%9Cpraise",1,3,1,,,,false,false,false,1.6666666666666667
"2021-12-02","GideonRo#3175",,"iviangita#3204",,"mentioning or retweeting TE Commons on the socials the past week! Thank you for helping us grow the Token Engineering Commons community and spreading the message! üôèüèº‚ò∫Ô∏è","DISCORD:810180621930070088:810180622336262195","DISCORD:Token%20Engineering%20Commons:%F0%9F%99%8F%EF%BD%9Cpraise",3,3,1,,,,false,false,false,2.3333333333333335
"2021-12-02","innov8tor3#3988",,"iviangita#3204",,"mentioning or retweeting TE Commons on the socials the past week! Thank you for helping us grow the Token Engineering Commons community and spreading the message! üôèüèº‚ò∫Ô∏è","DISCORD:810180621930070088:810180622336262195","DISCORD:Token%20Engineering%20Commons:%F0%9F%99%8F%EF%BD%9Cpraise",1,1,0,,,,false,false,true,0.6666666666666666
"2021-12-02","Kojak#5611",,"iviangita#3204",,"mentioning or retweeting TE Commons on the socials the past week! Thank you for helping us grow the Token Engineering Commons community and spreading the message! üôèüèº‚ò∫Ô∏è","DISCORD:810180621930070088:810180622336262195","DISCORD:Token%20Engineering%20Commons:%F0%9F%99%8F%EF%BD%9Cpraise",0,5,1,,,,true,false,false,2
"2021-12-02","solsista#5370",,"iviangita#3204",,"mentioning or retweeting TE Commons on the socials the past week! Thank you for helping us grow the Token Engineering Commons community and spreading the message! üôèüèº‚ò∫Ô∏è","DISCORD:810180621930070088:810180622336262195","DISCORD:Token%20Engineering%20Commons:%F0%9F%99%8F%EF%BD%9Cpraise",0,8,3,,,,true,false,false,3.6666666666666665
"2021-12-02","ZER8üß†#9093",,"iviangita#3204",,"mentioning or retweeting TE Commons on the socials the past week! Thank you for helping us grow the Token Engineering Commons community and spreading the message! üôèüèº‚ò∫Ô∏è","DISCORD:810180621930070088:810180622336262195","DISCORD:Token%20Engineering%20Commons:%F0%9F%99%8F%EF%BD%9Cpraise",13,1,1,,,,false,false,false,5
"2021-12-02","MS#4235",,"iviangita#3204",,"mentioning or retweeting TE Commons on the socials the past week! Thank you for helping us grow the Token Engineering Commons community and spreading the message! üôèüèº‚ò∫Ô∏è","DISCORD:810180621930070088:810180622336262195","DISCORD:Token%20Engineering%20Commons:%F0%9F%99%8F%EF%BD%9Cpraise",0,8,1,,,,true,false,false,3
"2021-12-02","RodriCastillo#1415",,"iviangita#3204",,"mentioning or retweeting TE Commons on the socials the past week! Thank you for helping us grow the Token Engineering Commons community and spreading the message! üôèüèº‚ò∫Ô∏è","DISCORD:810180621930070088:810180622336262195","DISCORD:Token%20Engineering%20Commons:%F0%9F%99%8F%EF%BD%9Cpraise",1,0,1,,,,false,true,false,0.6666666666666666
"2021-12-02","Cesar#2892",,"iviangita#3204",,"mentioning or retweeting TE Commons on the socials the past week! Thank you for helping us grow the Token Engineering Commons community and spreading the message! üôèüèº‚ò∫Ô∏è","DISCORD:810180621930070088:810180622336262195","DISCORD:Token%20Engineering%20Commons:%F0%9F%99%8F%EF%BD%9Cpraise",3,1,1,,,,false,false,false,1.6666666666666667
"2021-12-02","vagpap#1149",,"iviangita#3204",,"engaging in discussion on the TE Commons Forum (https://forum.tecommons.org) the past week. Thank you for helping our Token Engineering Commons community share and learn! üí™üôè","DISCORD:810180621930070088:810180622336262195","DISCORD:Token%20Engineering%20Commons:%F0%9F%99%8F%EF%BD%9Cpraise",3,8,13,,,,false,false,false,8
"2021-12-02","Mount Manu#3530",,"iviangita#3204",,"engaging in discussion on the TE Commons Forum (https://forum.tecommons.org) the past week. Thank you for helping our Token Engineering Commons community share and learn! üí™üôè","DISCORD:810180621930070088:810180622336262195","DISCORD:Token%20Engineering%20Commons:%F0%9F%99%8F%EF%BD%9Cpraise",3,0,0,,,,false,true,true,1
"2021-12-02","acidlazzer#5796",,"iviangita#3204",,"engaging in discussion on the TE Commons Forum (https://forum.tecommons.org) the past week. Thank you for helping our Token Engineering Commons community share and learn! üí™üôè","DISCORD:810180621930070088:810180622336262195","DISCORD:Token%20Engineering%20Commons:%F0%9F%99%8F%EF%BD%9Cpraise",1,1,5,,,,false,false,false,2.3333333333333335
"2021-12-02","liviade#1387","0xF8D1d34956cEa24718cf8687588D6FeDbc6d9AA6","iviangita#3204",,"engaging in discussion on the TE Commons Forum (https://forum.tecommons.org) the past week. Thank you for helping our Token Engineering Commons community share and learn! üí™üôè","DISCORD:810180621930070088:810180622336262195","DISCORD:Token%20Engineering%20Commons:%F0%9F%99%8F%EF%BD%9Cpraise",3,0,1,,,,false,true,false,1.3333333333333333
"2021-12-02","Zeptimus#3359","0x4d5Dd4d81D773c05cE27AbA03e2f3E346c3F8E54","iviangita#3204",,"engaging in discussion on the TE Commons Forum (https://forum.tecommons.org) the past week. Thank you for helping our Token Engineering Commons community share and learn! üí™üôè","DISCORD:810180621930070088:810180622336262195","DISCORD:Token%20Engineering%20Commons:%F0%9F%99%8F%EF%BD%9Cpraise",3,5,13,,,,false,false,false,7
"2021-12-02","Tam2140#9361",,"iviangita#3204",,"engaging in discussion on the TE Commons Forum (https://forum.tecommons.org) the past week. Thank you for helping our Token Engineering Commons community share and learn! üí™üôè","DISCORD:810180621930070088:810180622336262195","DISCORD:Token%20Engineering%20Commons:%F0%9F%99%8F%EF%BD%9Cpraise",1,3,0,,,,false,false,true,1.3333333333333333
"2021-12-02","Vyvy-vi#5040","0x2fA130927814B590623031e846f059df9554FdDe","iviangita#3204",,"engaging in discussion on the TE Commons Forum (https://forum.tecommons.org) the past week. Thank you for helping our Token Engineering Commons community share and learn! üí™üôè","DISCORD:810180621930070088:810180622336262195","DISCORD:Token%20Engineering%20Commons:%F0%9F%99%8F%EF%BD%9Cpraise",0,3,0,,,,true,false,true,1
"2021-12-02","eduardovegap#0422",,"acidlazzer#5796",,"a chill talk at TEC lounge!","DISCORD:810180621930070088:810180622336262195","DISCORD:Token%20Engineering%20Commons:%F0%9F%99%8F%EF%BD%9Cpraise",1,13,8,,,,false,false,false,7.333333333333333
"2021-12-02","Vyvy-vi#5040","0x2fA130927814B590623031e846f059df9554FdDe","acidlazzer#5796",,"a chill talk at TEC lounge!","DISCORD:810180621930070088:810180622336262195","DISCORD:Token%20Engineering%20Commons:%F0%9F%99%8F%EF%BD%9Cpraise",34,1,3,,,,false,false,false,12.666666666666666
"2021-12-02","Yineisy Mota#1449",,"acidlazzer#5796",,"a chill talk at TEC lounge!","DISCORD:810180621930070088:810180622336262195","DISCORD:Token%20Engineering%20Commons:%F0%9F%99%8F%EF%BD%9Cpraise",1,5,1,,,,false,false,false,2.3333333333333335
"2021-12-02","Nuggan#5183","0x0Bf920dfE6D36829aB5b0e153857D4CA689E46fB","metaverde#2503",,"another productive CryptoZombies lab.","DISCORD:810180621930070088:810180622336262195","DISCORD:Token%20Engineering%20Commons:%F0%9F%99%8F%EF%BD%9Cpraise",3,1,5,,,,false,false,false,3
"2021-12-03","Tam2140#9361",,"Mount Manu#3530",,"the action recap presentation where she did a thorough breakdown of a difficult decision","DISCORD:810180621930070088:810180622336262195","DISCORD:Token%20Engineering%20Commons:%F0%9F%99%8F%EF%BD%9Cpraise",13,13,3,,,,false,false,false,9.666666666666666
"2021-12-03","liviade#1387","0xF8D1d34956cEa24718cf8687588D6FeDbc6d9AA6","Mount Manu#3530",,"her conviction towards addressing the question of when to end Params debates","DISCORD:810180621930070088:810180622336262195","DISCORD:Token%20Engineering%20Commons:%F0%9F%99%8F%EF%BD%9Cpraise",8,5,5,,,,false,false,false,6
"2021-12-03","pKrepe#5682",,"Mount Manu#3530",,"continuing to grind on the dashboard and get the latest updates online","DISCORD:810180621930070088:810180622336262195","DISCORD:Token%20Engineering%20Commons:%F0%9F%99%8F%EF%BD%9Cpraise",55,8,21,,,,false,false,false,28
"2021-12-03","Vitor Marthendal#0090",,"Mount Manu#3530",,"continuing to grind on the dashboard and get the latest updates online","DISCORD:810180621930070088:810180622336262195","DISCORD:Token%20Engineering%20Commons:%F0%9F%99%8F%EF%BD%9Cpraise",8,21,5,,,,false,false,false,11.333333333333334
"2021-12-03","fabiomendes#4802",,"Mount Manu#3530",,"continuing to grind on the dashboard and get the latest updates online","DISCORD:810180621930070088:810180622336262195","DISCORD:Token%20Engineering%20Commons:%F0%9F%99%8F%EF%BD%9Cpraise",5,0,5,,,,false,false,false,3.3333333333333335
"2021-12-03","Nuggan#5183","0x0Bf920dfE6D36829aB5b0e153857D4CA689E46fB","Mount Manu#3530",,"continuing to grind on the dashboard and get the latest updates online","DISCORD:810180621930070088:810180622336262195","DISCORD:Token%20Engineering%20Commons:%F0%9F%99%8F%EF%BD%9Cpraise",5,5,0,,,,false,false,false,3.3333333333333335
"2021-12-03","sem  üêù#0161",,"Mount Manu#3530",,"all the work that they did on Commons Swarm this week","DISCORD:810180621930070088:810180622336262195","DISCORD:Token%20Engineering%20Commons:%F0%9F%99%8F%EF%BD%9Cpraise",5,34,0,,,,false,false,false,13
"2021-12-03","elessar.eth#7945",,"Mount Manu#3530",,"all the work that they did on Commons Swarm this week","DISCORD:810180621930070088:810180622336262195","DISCORD:Token%20Engineering%20Commons:%F0%9F%99%8F%EF%BD%9Cpraise",21,34,34,,,,false,false,false,29.666666666666668
"2021-12-03","bradleyc#3333",,"Mount Manu#3530",,"all the work that they did on Commons Swarm this week","DISCORD:810180621930070088:810180622336262195","DISCORD:Token%20Engineering%20Commons:%F0%9F%99%8F%EF%BD%9Cpraise",13,0,1,,,,false,false,false,4.666666666666667
"2021-12-03","Zeptimus#3359","0x4d5Dd4d81D773c05cE27AbA03e2f3E346c3F8E54","Mount Manu#3530",,"recording and doing all the (never-ending) behind-the-scenes work","DISCORD:810180621930070088:810180622336262195","DISCORD:Token%20Engineering%20Commons:%F0%9F%99%8F%EF%BD%9Cpraise",13,8,8,,,,false,false,false,9.666666666666666
"2021-12-03","liviade#1387","0xF8D1d34956cEa24718cf8687588D6FeDbc6d9AA6","Mount Manu#3530",,"crafting the Rewards group manifest","DISCORD:810180621930070088:810180622336262195","DISCORD:Token%20Engineering%20Commons:%F0%9F%99%8F%EF%BD%9Cpraise",5,13,21,,,,false,false,false,13
"2021-12-03","divine_comedian#5493","0x320c338BCF70bAAaE26e96201C33B48105Bc62C2","Mount Manu#3530",,"taking the lead on setting up the Reward board and planning all the preparations for the 1st quantification, which is coming up","DISCORD:810180621930070088:810180622336262195","DISCORD:Token%20Engineering%20Commons:%F0%9F%99%8F%EF%BD%9Cpraise",34,5,0,,,,false,false,false,13
"2021-12-03","Vyvy-vi#5040","0x2fA130927814B590623031e846f059df9554FdDe","Mount Manu#3530",,"continuing to dig deeper into the Discord APIs and build fantastic bots","DISCORD:810180621930070088:810180622336262195","DISCORD:Token%20Engineering%20Commons:%F0%9F%99%8F%EF%BD%9Cpraise",34,8,13,,,,false,false,false,18.333333333333332
"2021-12-03","hz#8826",,"Mount Manu#3530",,"setting up the 1Hive Polem Board for us","DISCORD:810180621930070088:810180622336262195","DISCORD:Token%20Engineering%20Commons:%F0%9F%99%8F%EF%BD%9Cpraise",13,21,8,,,,false,false,false,14
"2021-12-03","Nebs#2035",,"Mount Manu#3530",,"pushing code before the last WG meeting, allowing us to do the demo","DISCORD:810180621930070088:810180622336262195","DISCORD:Token%20Engineering%20Commons:%F0%9F%99%8F%EF%BD%9Cpraise",8,8,13,,,,false,false,false,9.666666666666666
"2021-12-03","graial#0787",,"Mount Manu#3530",,"doing behind-the-scenes stuff like tech foundation stuff, testing, and database migrations","DISCORD:810180621930070088:810180622336262195","DISCORD:Token%20Engineering%20Commons:%F0%9F%99%8F%EF%BD%9Cpraise",21,34,21,,,,false,false,false,25.333333333333332
"2021-12-03","Nuggan#5183","0x0Bf920dfE6D36829aB5b0e153857D4CA689E46fB","Mount Manu#3530",,"their analysis dashboard","DISCORD:810180621930070088:810180622336262195","DISCORD:Token%20Engineering%20Commons:%F0%9F%99%8F%EF%BD%9Cpraise",3,5,13,,,,false,false,false,7
"2021-12-03","MS#4235",,"Mount Manu#3530",,"their analysis dashboard","DISCORD:810180621930070088:810180622336262195","DISCORD:Token%20Engineering%20Commons:%F0%9F%99%8F%EF%BD%9Cpraise",34,13,34,,,,false,false,false,27
"2021-12-03","üêô octopus#5508",,"Mount Manu#3530",,"their analysis dashboard","DISCORD:810180621930070088:810180622336262195","DISCORD:Token%20Engineering%20Commons:%F0%9F%99%8F%EF%BD%9Cpraise",34,34,55,,,,false,false,false,41
"2021-12-03","ALOYSIOUS#3049",,"Mount Manu#3530",,"bringing so many people to our server and guiding them","DISCORD:810180621930070088:810180622336262195","DISCORD:Token%20Engineering%20Commons:%F0%9F%99%8F%EF%BD%9Cpraise",8,8,21,,,,false,false,false,12.333333333333334
"2021-12-03","delightfulabyss.eth#3679",,"Mount Manu#3530",,"joining the orientation call","DISCORD:810180621930070088:810180622336262195","DISCORD:Token%20Engineering%20Commons:%F0%9F%99%8F%EF%BD%9Cpraise",1,0,0,,,,false,true,true,0.3333333333333333
"2021-12-03","EdgarWeb3#5783",,"Mount Manu#3530",,"joining the orientation call","DISCORD:810180621930070088:810180622336262195","DISCORD:Token%20Engineering%20Commons:%F0%9F%99%8F%EF%BD%9Cpraise",1,0,0,,,,false,true,true,0.3333333333333333
"2021-12-03","John V#2787",,"Mount Manu#3530",,"joining the orientation call","DISCORD:810180621930070088:810180622336262195","DISCORD:Token%20Engineering%20Commons:%F0%9F%99%8F%EF%BD%9Cpraise",3,0,0,,,,false,true,true,1
"2021-12-03","NikosamA98#5909",,"Mount Manu#3530",,"joining the orientation call","DISCORD:810180621930070088:810180622336262195","DISCORD:Token%20Engineering%20Commons:%F0%9F%99%8F%EF%BD%9Cpraise",0,1,3,,,,true,false,false,1.3333333333333333
"2021-12-03","PadInLa#7633",,"Mount Manu#3530",,"joining the orientation call","DISCORD:810180621930070088:810180622336262195","DISCORD:Token%20Engineering%20Commons:%F0%9F%99%8F%EF%BD%9Cpraise",3,0,0,,,,false,true,true,1
"2021-12-03","Sapote#7653",,"Mount Manu#3530",,"joining the orientation call","DISCORD:810180621930070088:810180622336262195","DISCORD:Token%20Engineering%20Commons:%F0%9F%99%8F%EF%BD%9Cpraise",0,0,1,,,,true,false,false,0.3333333333333333
"2021-12-03","Sohan#2187",,"Mount Manu#3530",,"joining the orientation call","DISCORD:810180621930070088:810180622336262195","DISCORD:Token%20Engineering%20Commons:%F0%9F%99%8F%EF%BD%9Cpraise",1,3,1,,,,false,false,false,1.6666666666666667
"2021-12-03","zadok7.eth#0007",,"Mount Manu#3530",,"joining the orientation call","DISCORD:810180621930070088:810180622336262195","DISCORD:Token%20Engineering%20Commons:%F0%9F%99%8F%EF%BD%9Cpraise",0,0,1,,,,true,true,false,0.3333333333333333
"2021-12-03","Terexitarius#4750",,"Mount Manu#3530",,"joining the orientation call","DISCORD:810180621930070088:810180622336262195","DISCORD:Token%20Engineering%20Commons:%F0%9F%99%8F%EF%BD%9Cpraise",1,0,0,,,,false,true,true,0.3333333333333333
"2021-12-03","acidlazzer#5796",,"Mount Manu#3530",,"the new orientation deck","DISCORD:810180621930070088:810180622336262195","DISCORD:Token%20Engineering%20Commons:%F0%9F%99%8F%EF%BD%9Cpraise",13,13,8,,,,false,false,false,11.333333333333334
"2021-12-03","Tam2140#9361",,"Mount Manu#3530",,"taking time to be present in her situation","DISCORD:810180621930070088:810180622336262195","DISCORD:Token%20Engineering%20Commons:%F0%9F%99%8F%EF%BD%9Cpraise",5,0,5,,,,false,false,false,3.3333333333333335
"2021-12-03","kristofer#1475","0xa32aECda752cF4EF89956e83d60C04835d4FA867","Mount Manu#3530",,"joining the Community Call and for his amazing Discord profile background","DISCORD:810180621930070088:810180622336262195","DISCORD:Token%20Engineering%20Commons:%F0%9F%99%8F%EF%BD%9Cpraise",1,3,1,,,,false,false,false,1.6666666666666667
"2021-12-03","divine_comedian#5493","0x320c338BCF70bAAaE26e96201C33B48105Bc62C2","Mount Manu#3530",,"hacking on Ostrom‚Äôs proposal last night","DISCORD:810180621930070088:810180622336262195","DISCORD:Token%20Engineering%20Commons:%F0%9F%99%8F%EF%BD%9Cpraise",5,3,5,,,,false,false,false,4.333333333333333
"2021-12-03","Juankbell#7458",,"Mount Manu#3530",,"hacking on Ostrom‚Äôs proposal last night","DISCORD:810180621930070088:810180622336262195","DISCORD:Token%20Engineering%20Commons:%F0%9F%99%8F%EF%BD%9Cpraise",3,13,8,,,,false,false,false,8
"2021-12-03","liviade#1387","0xF8D1d34956cEa24718cf8687588D6FeDbc6d9AA6","Mount Manu#3530",,"hacking on Ostrom‚Äôs proposal last night","DISCORD:810180621930070088:810180622336262195","DISCORD:Token%20Engineering%20Commons:%F0%9F%99%8F%EF%BD%9Cpraise",8,8,13,,,,false,false,false,9.666666666666666
"2021-12-03","Tam2140#9361",,"Mount Manu#3530",,"being great at prioritizing work & family and being fully present wherever she is","DISCORD:810180621930070088:810180622336262195","DISCORD:Token%20Engineering%20Commons:%F0%9F%99%8F%EF%BD%9Cpraise",13,5,5,,,,false,false,false,7.666666666666667
"2021-12-03","Nuggan#5183","0x0Bf920dfE6D36829aB5b0e153857D4CA689E46fB","Mount Manu#3530",,"his thoughtful inquiry","DISCORD:810180621930070088:810180622336262195","DISCORD:Token%20Engineering%20Commons:%F0%9F%99%8F%EF%BD%9Cpraise",5,3,3,,,,false,false,false,3.6666666666666665
"2021-12-03","kristofer#1475","0xa32aECda752cF4EF89956e83d60C04835d4FA867","Mount Manu#3530",,"jumping in here today to start our new WG","DISCORD:810180621930070088:810180622336262195","DISCORD:Token%20Engineering%20Commons:%F0%9F%99%8F%EF%BD%9Cpraise",1,3,3,,,,false,false,false,2.3333333333333335
"2021-12-03","Juankbell#7458",,"Mount Manu#3530",,"the last Params Party he gave this week","DISCORD:810180621930070088:810180622336262195","DISCORD:Token%20Engineering%20Commons:%F0%9F%99%8F%EF%BD%9Cpraise",13,13,0,,,,false,false,false,8.666666666666666
"2021-12-03","Tam2140#9361",,"Mount Manu#3530",,"the work he did yesterday on giving great ideas on the spot for how to move forward with the time constraints on our current proposal-making phase","DISCORD:810180621930070088:810180622336262195","DISCORD:Token%20Engineering%20Commons:%F0%9F%99%8F%EF%BD%9Cpraise",8,5,5,,,,false,false,false,6
"2021-12-03","Juankbell#7458",,"Mount Manu#3530",,"all their contributions to the Params Parties","DISCORD:810180621930070088:810180622336262195","DISCORD:Token%20Engineering%20Commons:%F0%9F%99%8F%EF%BD%9Cpraise",5,5,0,,,,false,false,false,3.3333333333333335
"2021-12-03","Tam2140#9361",,"Mount Manu#3530",,"all their contributions to the Params Parties","DISCORD:810180621930070088:810180622336262195","DISCORD:Token%20Engineering%20Commons:%F0%9F%99%8F%EF%BD%9Cpraise",21,55,1,,,,false,false,false,25.666666666666668
"2021-12-03","karmaticacid#1218",,"Mount Manu#3530",,"all their contributions to the Params Parties","DISCORD:810180621930070088:810180622336262195","DISCORD:Token%20Engineering%20Commons:%F0%9F%99%8F%EF%BD%9Cpraise",3,0,21,,,,false,false,false,8
"2021-12-03","chuygarcia.eth#6692",,"Mount Manu#3530",,"all their contributions to the Params Parties","DISCORD:810180621930070088:810180622336262195","DISCORD:Token%20Engineering%20Commons:%F0%9F%99%8F%EF%BD%9Cpraise",5,5,3,,,,false,false,false,4.333333333333333
"2021-12-03","divine_comedian#5493","0x320c338BCF70bAAaE26e96201C33B48105Bc62C2","Mount Manu#3530",,"all their contributions to the Params Parties","DISCORD:810180621930070088:810180622336262195","DISCORD:Token%20Engineering%20Commons:%F0%9F%99%8F%EF%BD%9Cpraise",5,1,0,,,,false,false,false,2
"2021-12-03","Mount Manu#3530",,"Mount Manu#3530",,"updating the TEC Gitcoin Grant","DISCORD:810180621930070088:810180622336262195","DISCORD:Token%20Engineering%20Commons:%F0%9F%99%8F%EF%BD%9Cpraise",5,8,5,,,,false,false,false,6
"2021-12-03","chuygarcia.eth#6692",,"Mount Manu#3530",,"all the work he‚Äôs doing around T.E.A.M. DAO","DISCORD:810180621930070088:810180622336262195","DISCORD:Token%20Engineering%20Commons:%F0%9F%99%8F%EF%BD%9Cpraise",0,0,13,,,,false,false,false,4.333333333333333
"2021-12-03","eduardovegap#0422",,"Mount Manu#3530",,"being an amazing host at Communitas and Orientation","DISCORD:810180621930070088:810180622336262195","DISCORD:Token%20Engineering%20Commons:%F0%9F%99%8F%EF%BD%9Cpraise",13,13,5,,,,false,false,false,10.333333333333334
"2021-12-03","chuygarcia.eth#6692",,"Mount Manu#3530",,"their contributions on Twitter","DISCORD:810180621930070088:810180622336262195","DISCORD:Token%20Engineering%20Commons:%F0%9F%99%8F%EF%BD%9Cpraise",0,0,1,,,,false,true,false,0.3333333333333333
"2021-12-03","ZER8üß†#9093",,"Mount Manu#3530",,"their contributions on Twitter","DISCORD:810180621930070088:810180622336262195","DISCORD:Token%20Engineering%20Commons:%F0%9F%99%8F%EF%BD%9Cpraise",5,13,8,,,,false,false,false,8.666666666666666
"2021-12-03","Juankbell#7458",,"Mount Manu#3530",,"their contributions on Twitter","DISCORD:810180621930070088:810180622336262195","DISCORD:Token%20Engineering%20Commons:%F0%9F%99%8F%EF%BD%9Cpraise",3,0,3,,,,false,true,false,2
"2021-12-03","Mount Manu#3530",,"Mount Manu#3530",,"their contributions on Twitter","DISCORD:810180621930070088:810180622336262195","DISCORD:Token%20Engineering%20Commons:%F0%9F%99%8F%EF%BD%9Cpraise",1,3,1,,,,false,false,false,1.6666666666666667
"2021-12-03","Tam2140#9361",,"Mount Manu#3530",,"improving the TEC Casino Proposal","DISCORD:810180621930070088:810180622336262195","DISCORD:Token%20Engineering%20Commons:%F0%9F%99%8F%EF%BD%9Cpraise",13,34,3,,,,false,false,false,16.666666666666668
"2021-12-03","Juankbell#7458",,"Mount Manu#3530",,"improving the TEC Casino Proposal","DISCORD:810180621930070088:810180622336262195","DISCORD:Token%20Engineering%20Commons:%F0%9F%99%8F%EF%BD%9Cpraise",3,13,8,,,,false,false,false,8
"2021-12-03","karmaticacid#1218",,"Mount Manu#3530",,"improving the TEC Casino Proposal","DISCORD:810180621930070088:810180622336262195","DISCORD:Token%20Engineering%20Commons:%F0%9F%99%8F%EF%BD%9Cpraise",5,8,8,,,,false,false,false,7
"2021-12-03","divine_comedian#5493","0x320c338BCF70bAAaE26e96201C33B48105Bc62C2","Mount Manu#3530",,"improving the TEC Casino Proposal","DISCORD:810180621930070088:810180622336262195","DISCORD:Token%20Engineering%20Commons:%F0%9F%99%8F%EF%BD%9Cpraise",8,3,8,,,,false,false,false,6.333333333333333
"2021-12-03","Nuggan#5183","0x0Bf920dfE6D36829aB5b0e153857D4CA689E46fB","Mount Manu#3530",,"improving the TEC Casino Proposal","DISCORD:810180621930070088:810180622336262195","DISCORD:Token%20Engineering%20Commons:%F0%9F%99%8F%EF%BD%9Cpraise",21,3,13,,,,false,false,false,12.333333333333334
"2021-12-03","natesuits#4789",,"Mount Manu#3530",,"improving the TEC Casino Proposal","DISCORD:810180621930070088:810180622336262195","DISCORD:Token%20Engineering%20Commons:%F0%9F%99%8F%EF%BD%9Cpraise",21,5,13,,,,false,false,false,13
"2021-12-03","liviade#1387","0xF8D1d34956cEa24718cf8687588D6FeDbc6d9AA6","Mount Manu#3530",,"nailing the metrics for when to shift to the Commons Upgrade","DISCORD:810180621930070088:810180622336262195","DISCORD:Token%20Engineering%20Commons:%F0%9F%99%8F%EF%BD%9Cpraise",8,8,8,,,,false,false,false,8
"2021-12-03","Tam2140#9361",,"Mount Manu#3530",,"nailing the metrics for when to shift to the Commons Upgrade","DISCORD:810180621930070088:810180622336262195","DISCORD:Token%20Engineering%20Commons:%F0%9F%99%8F%EF%BD%9Cpraise",21,34,5,,,,false,false,false,20
"2021-12-03","Tam2140#9361",,"Mount Manu#3530",,"managing the weirdness around the current proposal‚Äôs decision-making; for wrangling everybody around a common denominator of a discussion","DISCORD:810180621930070088:810180622336262195","DISCORD:Token%20Engineering%20Commons:%F0%9F%99%8F%EF%BD%9Cpraise",13,21,8,,,,false,false,false,14
"2021-12-03","Tam2140#9361",,"Mount Manu#3530",,"joining the meeting that discussed extending the deadline to debate about proposals","DISCORD:810180621930070088:810180622336262195","DISCORD:Token%20Engineering%20Commons:%F0%9F%99%8F%EF%BD%9Cpraise",3,1,1,,,,false,false,false,1.6666666666666667
"2021-12-03","liviade#1387","0xF8D1d34956cEa24718cf8687588D6FeDbc6d9AA6","Mount Manu#3530",,"joining the meeting that discussed extending the deadline to debate about proposals","DISCORD:810180621930070088:810180622336262195","DISCORD:Token%20Engineering%20Commons:%F0%9F%99%8F%EF%BD%9Cpraise",0,0,1,,,,true,true,false,0.3333333333333333
"2021-12-03","iviangita#3204",,"Mount Manu#3530",,"joining the meeting that discussed extending the deadline to debate about proposals","DISCORD:810180621930070088:810180622336262195","DISCORD:Token%20Engineering%20Commons:%F0%9F%99%8F%EF%BD%9Cpraise",3,0,0,,,,false,true,true,1
"2021-12-03","Zeptimus#3359","0x4d5Dd4d81D773c05cE27AbA03e2f3E346c3F8E54","Mount Manu#3530",,"joining the meeting that discussed extending the deadline to debate about proposals","DISCORD:810180621930070088:810180622336262195","DISCORD:Token%20Engineering%20Commons:%F0%9F%99%8F%EF%BD%9Cpraise",1,3,0,,,,false,false,true,1.3333333333333333
"2021-12-03","solsista#5370",,"Mount Manu#3530",,"joining the meeting that discussed extending the deadline to debate about proposals","DISCORD:810180621930070088:810180622336262195","DISCORD:Token%20Engineering%20Commons:%F0%9F%99%8F%EF%BD%9Cpraise",0,0,0,,,,true,true,true,0
"2021-12-03","Juankbell#7458",,"Mount Manu#3530",,"joining the meeting that discussed extending the deadline to debate about proposals","DISCORD:810180621930070088:810180622336262195","DISCORD:Token%20Engineering%20Commons:%F0%9F%99%8F%EF%BD%9Cpraise",1,3,0,,,,false,false,true,1.3333333333333333
"2021-12-03","Tam2140#9361",,"Mount Manu#3530",,"joining the meeting that discussed extending the deadline to debate about proposals","DISCORD:810180621930070088:810180622336262195","DISCORD:Token%20Engineering%20Commons:%F0%9F%99%8F%EF%BD%9Cpraise",0,0,1,,,,false,false,false,0.3333333333333333
"2021-12-03","chuygarcia.eth#6692",,"Mount Manu#3530",,"joining the meeting that discussed extending the deadline to debate about proposals","DISCORD:810180621930070088:810180622336262195","DISCORD:Token%20Engineering%20Commons:%F0%9F%99%8F%EF%BD%9Cpraise",3,3,1,,,,false,false,false,2.3333333333333335
"2021-12-03","ygg_anderson#4998",,"Mount Manu#3530",,"joining the meeting that discussed extending the deadline to debate about proposals","DISCORD:810180621930070088:810180622336262195","DISCORD:Token%20Engineering%20Commons:%F0%9F%99%8F%EF%BD%9Cpraise",0,5,0,,,,true,false,true,1.6666666666666667
"2021-12-03","eduardovegap#0422",,"Mount Manu#3530",,"joining the meeting that discussed extending the deadline to debate about proposals","DISCORD:810180621930070088:810180622336262195","DISCORD:Token%20Engineering%20Commons:%F0%9F%99%8F%EF%BD%9Cpraise",0,5,5,,,,true,false,false,3.3333333333333335
"2021-12-03","natesuits#4789",,"Mount Manu#3530",,"joining the meeting that discussed extending the deadline to debate about proposals","DISCORD:810180621930070088:810180622336262195","DISCORD:Token%20Engineering%20Commons:%F0%9F%99%8F%EF%BD%9Cpraise",3,1,1,,,,false,false,false,1.6666666666666667
"2021-12-03","divine_comedian#5493","0x320c338BCF70bAAaE26e96201C33B48105Bc62C2","Mount Manu#3530",,"joining the meeting that discussed extending the deadline to debate about proposals","DISCORD:810180621930070088:810180622336262195","DISCORD:Token%20Engineering%20Commons:%F0%9F%99%8F%EF%BD%9Cpraise",1,1,0,,,,false,false,false,0.6666666666666666
"2021-12-03","pKrepe#5682",,"Mount Manu#3530",,"rocking it with the dashboard the whole time: you‚Äôre amazing","DISCORD:810180621930070088:810180622336262195","DISCORD:Token%20Engineering%20Commons:%F0%9F%99%8F%EF%BD%9Cpraise",0,8,0,,,,false,false,false,2.6666666666666665
"2021-12-03","Vitor Marthendal#0090",,"Mount Manu#3530",,"jumping right in into the coding of our dashboard","DISCORD:810180621930070088:810180622336262195","DISCORD:Token%20Engineering%20Commons:%F0%9F%99%8F%EF%BD%9Cpraise",13,21,5,,,,false,false,false,13
"2021-12-03","Tam2140#9361",,"Mount Manu#3530",,"all the work in Params","DISCORD:810180621930070088:810180622336262195","DISCORD:Token%20Engineering%20Commons:%F0%9F%99%8F%EF%BD%9Cpraise",8,13,1,,,,false,false,false,7.333333333333333
"2021-12-03","karmaticacid#1218",,"Mount Manu#3530",,"all the work in Params","DISCORD:810180621930070088:810180622336262195","DISCORD:Token%20Engineering%20Commons:%F0%9F%99%8F%EF%BD%9Cpraise",3,3,34,,,,false,false,false,13.333333333333334
"2021-12-03","divine_comedian#5493","0x320c338BCF70bAAaE26e96201C33B48105Bc62C2","Mount Manu#3530",,"all the work in Params","DISCORD:810180621930070088:810180622336262195","DISCORD:Token%20Engineering%20Commons:%F0%9F%99%8F%EF%BD%9Cpraise",3,0,0,,,,false,true,false,1
"2021-12-03","sem  üêù#0161",,"Mount Manu#3530",,"carrying the Commons Swarm forward","DISCORD:810180621930070088:810180622336262195","DISCORD:Token%20Engineering%20Commons:%F0%9F%99%8F%EF%BD%9Cpraise",5,21,55,,,,false,false,false,27
"2021-12-03","elessar.eth#7945",,"Mount Manu#3530",,"carrying the Commons Swarm forward","DISCORD:810180621930070088:810180622336262195","DISCORD:Token%20Engineering%20Commons:%F0%9F%99%8F%EF%BD%9Cpraise",21,21,0,,,,false,false,false,14
"2021-12-03","bradleyc#3333",,"Mount Manu#3530",,"carrying the Commons Swarm forward","DISCORD:810180621930070088:810180622336262195","DISCORD:Token%20Engineering%20Commons:%F0%9F%99%8F%EF%BD%9Cpraise",21,21,3,,,,false,false,false,15
"2021-12-03","kristofer#1475","0xa32aECda752cF4EF89956e83d60C04835d4FA867","Mount Manu#3530",,"his organizational skills and leadership around the whole Rewards initiative","DISCORD:810180621930070088:810180622336262195","DISCORD:Token%20Engineering%20Commons:%F0%9F%99%8F%EF%BD%9Cpraise",1,13,55,,,,false,false,false,23
"2021-12-03","liviade#1387","0xF8D1d34956cEa24718cf8687588D6FeDbc6d9AA6","Mount Manu#3530",,"their contributions to the community","DISCORD:810180621930070088:810180622336262195","DISCORD:Token%20Engineering%20Commons:%F0%9F%99%8F%EF%BD%9Cpraise",1,0,0,,,,false,true,true,0.3333333333333333
"2021-12-03","divine_comedian#5493","0x320c338BCF70bAAaE26e96201C33B48105Bc62C2","Mount Manu#3530",,"their contributions to the community","DISCORD:810180621930070088:810180622336262195","DISCORD:Token%20Engineering%20Commons:%F0%9F%99%8F%EF%BD%9Cpraise",1,0,3,,,,false,true,false,1.3333333333333333
"2021-12-03","Nebs#2035",,"Mount Manu#3530",,"their contributions to the community","DISCORD:810180621930070088:810180622336262195","DISCORD:Token%20Engineering%20Commons:%F0%9F%99%8F%EF%BD%9Cpraise",3,5,1,,,,false,false,false,3
"2021-12-03","MS#4235",,"Mount Manu#3530",,"the analysis dashboard","DISCORD:810180621930070088:810180622336262195","DISCORD:Token%20Engineering%20Commons:%F0%9F%99%8F%EF%BD%9Cpraise",0,13,0,,,,false,false,false,4.333333333333333
"2021-12-03","üêô octopus#5508",,"Mount Manu#3530",,"the analysis dashboard","DISCORD:810180621930070088:810180622336262195","DISCORD:Token%20Engineering%20Commons:%F0%9F%99%8F%EF%BD%9Cpraise",0,0,0,,,,false,false,false,0
"2021-12-03","metaverde#2503",,"Mount Manu#3530",,"the great Solidity learning groups sessions that they‚Äôve been making","DISCORD:810180621930070088:810180622336262195","DISCORD:Token%20Engineering%20Commons:%F0%9F%99%8F%EF%BD%9Cpraise",13,8,21,,,,false,false,false,14
"2021-12-03","billyjitsu#3865",,"Mount Manu#3530",,"the great Solidity learning groups sessions that they‚Äôve been making","DISCORD:810180621930070088:810180622336262195","DISCORD:Token%20Engineering%20Commons:%F0%9F%99%8F%EF%BD%9Cpraise",34,21,21,,,,false,false,false,25.333333333333332
"2021-12-03","divine_comedian#5493","0x320c338BCF70bAAaE26e96201C33B48105Bc62C2","Mount Manu#3530",,"couch-side chats and for discussing plans for future Params Parties and organizations","DISCORD:810180621930070088:810180622336262195","DISCORD:Token%20Engineering%20Commons:%F0%9F%99%8F%EF%BD%9Cpraise",3,1,8,,,,false,false,false,4
"2021-12-03","Tam2140#9361",,"Mount Manu#3530",,"coming up with all kinds of great management resources that make us reflect on our decisions (and for her great time management skills as well)","DISCORD:810180621930070088:810180622336262195","DISCORD:Token%20Engineering%20Commons:%F0%9F%99%8F%EF%BD%9Cpraise",13,13,5,,,,false,false,false,10.333333333333334
"2021-12-03","Tam2140#9361",,"Mount Manu#3530",,"submitting his awesome proposal ‚Äú1 Million Dollars Gambit Goldilocks Orogeny‚Äù","DISCORD:810180621930070088:810180622336262195","DISCORD:Token%20Engineering%20Commons:%F0%9F%99%8F%EF%BD%9Cpraise",34,55,5,,,,false,false,false,31.333333333333332
"2021-12-03","Zeptimus#3359","0x4d5Dd4d81D773c05cE27AbA03e2f3E346c3F8E54","Mount Manu#3530",,"coming to all of the calls","DISCORD:810180621930070088:810180622336262195","DISCORD:Token%20Engineering%20Commons:%F0%9F%99%8F%EF%BD%9Cpraise",5,3,0,,,,false,false,true,2.6666666666666665
"2021-12-03","Juankbell#7458",,"Mount Manu#3530",,"presenting great params during the Stewards debate call","DISCORD:810180621930070088:810180622336262195","DISCORD:Token%20Engineering%20Commons:%F0%9F%99%8F%EF%BD%9Cpraise",13,8,8,,,,false,false,false,9.666666666666666
"2021-12-03","Zeptimus#3359","0x4d5Dd4d81D773c05cE27AbA03e2f3E346c3F8E54","Mount Manu#3530",,"presenting great params during the Stewards debate call","DISCORD:810180621930070088:810180622336262195","DISCORD:Token%20Engineering%20Commons:%F0%9F%99%8F%EF%BD%9Cpraise",3,8,8,,,,false,false,false,6.333333333333333
"2021-12-03","divine_comedian#5493","0x320c338BCF70bAAaE26e96201C33B48105Bc62C2","Mount Manu#3530",,"presenting great params during the Stewards debate call","DISCORD:810180621930070088:810180622336262195","DISCORD:Token%20Engineering%20Commons:%F0%9F%99%8F%EF%BD%9Cpraise",13,3,0,,,,false,false,false,5.333333333333333
"2021-12-03","Tam2140#9361",,"Mount Manu#3530",,"presenting great params during the Stewards debate call","DISCORD:810180621930070088:810180622336262195","DISCORD:Token%20Engineering%20Commons:%F0%9F%99%8F%EF%BD%9Cpraise",13,5,5,,,,false,false,false,7.666666666666667
"2021-12-03","natesuits#4789",,"Mount Manu#3530",,"asking questions and participating in the Stewards debate call","DISCORD:810180621930070088:810180622336262195","DISCORD:Token%20Engineering%20Commons:%F0%9F%99%8F%EF%BD%9Cpraise",5,3,5,,,,false,false,false,4.333333333333333
"2021-12-03","Tam2140#9361",,"Mount Manu#3530",,"asking questions and participating in the Stewards debate call","DISCORD:810180621930070088:810180622336262195","DISCORD:Token%20Engineering%20Commons:%F0%9F%99%8F%EF%BD%9Cpraise",8,13,1,,,,false,false,false,7.333333333333333
"2021-12-03","chuygarcia.eth#6692",,"Mount Manu#3530",,"asking questions and participating in the Stewards debate call","DISCORD:810180621930070088:810180622336262195","DISCORD:Token%20Engineering%20Commons:%F0%9F%99%8F%EF%BD%9Cpraise",5,1,1,,,,false,false,false,2.3333333333333335
"2021-12-03","liviade#1387","0xF8D1d34956cEa24718cf8687588D6FeDbc6d9AA6","Mount Manu#3530",,"asking questions and participating in the Stewards debate call","DISCORD:810180621930070088:810180622336262195","DISCORD:Token%20Engineering%20Commons:%F0%9F%99%8F%EF%BD%9Cpraise",3,8,1,,,,false,false,false,4
"2021-12-03","acidlazzer#5796",,"Mount Manu#3530",,"distributing the Params Party POAPs","DISCORD:810180621930070088:810180622336262195","DISCORD:Token%20Engineering%20Commons:%F0%9F%99%8F%EF%BD%9Cpraise",5,21,13,,,,false,false,false,13
"2021-12-03","Vyvy-vi#5040","0x2fA130927814B590623031e846f059df9554FdDe","Mount Manu#3530",,"giving a lot of Discord support and even coming in and helping with Giveth","DISCORD:810180621930070088:810180622336262195","DISCORD:Token%20Engineering%20Commons:%F0%9F%99%8F%EF%BD%9Cpraise",21,8,13,,,,false,false,false,14
"2021-12-03","freshelle#9882",,"Mount Manu#3530",,"being on top of payments (for the whole ecosystem!)","DISCORD:810180621930070088:810180622336262195","DISCORD:Token%20Engineering%20Commons:%F0%9F%99%8F%EF%BD%9Cpraise",34,13,0,,,,false,false,false,15.666666666666666
"2021-12-03","eduardovegap#0422",,"Mount Manu#3530",,"jumping into Lauren‚Äôs Params Party to cheer her up","DISCORD:810180621930070088:810180622336262195","DISCORD:Token%20Engineering%20Commons:%F0%9F%99%8F%EF%BD%9Cpraise",13,3,3,,,,false,false,false,6.333333333333333
"2021-12-03","fabiomendes#4802",,"Mount Manu#3530",,"crushing through finalizing the dashboard","DISCORD:810180621930070088:810180622336262195","DISCORD:Token%20Engineering%20Commons:%F0%9F%99%8F%EF%BD%9Cpraise",3,5,5,,,,false,false,false,4.333333333333333
"2021-12-03","Vitor Marthendal#0090",,"Mount Manu#3530",,"crushing through finalizing the dashboard","DISCORD:810180621930070088:810180622336262195","DISCORD:Token%20Engineering%20Commons:%F0%9F%99%8F%EF%BD%9Cpraise",3,89,5,,,,false,false,false,32.333333333333336
"2021-12-03","pKrepe#5682",,"Mount Manu#3530",,"crushing through finalizing the dashboard","DISCORD:810180621930070088:810180622336262195","DISCORD:Token%20Engineering%20Commons:%F0%9F%99%8F%EF%BD%9Cpraise",0,8,0,,,,false,false,false,2.6666666666666665
"2021-12-03","Tam2140#9361",,"Mount Manu#3530",,"being everywhere and for his great energy","DISCORD:810180621930070088:810180622336262195","DISCORD:Token%20Engineering%20Commons:%F0%9F%99%8F%EF%BD%9Cpraise",8,34,8,,,,false,false,false,16.666666666666668
"2021-12-03","durgadas#9280",,"Mount Manu#3530",,"all the wisdom that he shares with his comments","DISCORD:810180621930070088:810180622336262195","DISCORD:Token%20Engineering%20Commons:%F0%9F%99%8F%EF%BD%9Cpraise",3,13,5,,,,false,false,false,7
"2021-12-03","acidlazzer#5796",,"Mount Manu#3530",,"the hard work they‚Äôre doing with Comms","DISCORD:810180621930070088:810180622336262195","DISCORD:Token%20Engineering%20Commons:%F0%9F%99%8F%EF%BD%9Cpraise",3,5,8,,,,false,false,false,5.333333333333333
"2021-12-03","chuygarcia.eth#6692",,"Mount Manu#3530",,"the hard work they‚Äôre doing with Comms","DISCORD:810180621930070088:810180622336262195","DISCORD:Token%20Engineering%20Commons:%F0%9F%99%8F%EF%BD%9Cpraise",5,8,8,,,,false,false,false,7
"2021-12-03","Jolie_Ze#0295",,"Mount Manu#3530",,"their (many) contributions to the community","DISCORD:810180621930070088:810180622336262195","DISCORD:Token%20Engineering%20Commons:%F0%9F%99%8F%EF%BD%9Cpraise",8,5,13,,,,false,false,false,8.666666666666666
"2021-12-03","Stefano#8400",,"Mount Manu#3530",,"helping in some Gravity coordination stuff","DISCORD:810180621930070088:810180622336262195","DISCORD:Token%20Engineering%20Commons:%F0%9F%99%8F%EF%BD%9Cpraise",3,8,8,,,,false,false,false,6.333333333333333
"2021-12-03","ALOYSIOUS#3049",,"Mount Manu#3530",,"helping in some Gravity coordination stuff","DISCORD:810180621930070088:810180622336262195","DISCORD:Token%20Engineering%20Commons:%F0%9F%99%8F%EF%BD%9Cpraise",3,8,5,,,,false,false,false,5.333333333333333
"2021-12-03","LinhT.Tran#8783",,"Mount Manu#3530",,"being an experienced mediator and a part of Gravity","DISCORD:810180621930070088:810180622336262195","DISCORD:Token%20Engineering%20Commons:%F0%9F%99%8F%EF%BD%9Cpraise",21,34,13,,,,false,false,false,22.666666666666668
"2021-12-03","divine_comedian#5493","0x320c338BCF70bAAaE26e96201C33B48105Bc62C2","Mount Manu#3530",,"having come to Colombia and for making an excellent pork that Juanka is still eating","DISCORD:810180621930070088:810180622336262195","DISCORD:Token%20Engineering%20Commons:%F0%9F%99%8F%EF%BD%9Cpraise",3,3,0,,,,false,false,true,2
"2021-12-03","liviade#1387","0xF8D1d34956cEa24718cf8687588D6FeDbc6d9AA6","Mount Manu#3530",,"all the support that she gives in the community","DISCORD:810180621930070088:810180622336262195","DISCORD:Token%20Engineering%20Commons:%F0%9F%99%8F%EF%BD%9Cpraise",1,8,1,,,,false,false,false,3.3333333333333335
"2021-12-03","innov8tor3#3988",,"Mount Manu#3530",,"offering to make some transcripts of the Graviton training","DISCORD:810180621930070088:810180622336262195","DISCORD:Token%20Engineering%20Commons:%F0%9F%99%8F%EF%BD%9Cpraise",0,3,3,,,,false,false,false,2
"2021-12-03","Zeptimus#3359","0x4d5Dd4d81D773c05cE27AbA03e2f3E346c3F8E54","Mount Manu#3530",,"all the recordings that he does","DISCORD:810180621930070088:810180622336262195","DISCORD:Token%20Engineering%20Commons:%F0%9F%99%8F%EF%BD%9Cpraise",0,5,5,,,,false,false,false,3.3333333333333335
"2021-12-03","Mount Manu#3530",,"Mount Manu#3530",,"helping Gravity schedule a call with Gitcoin","DISCORD:810180621930070088:810180622336262195","DISCORD:Token%20Engineering%20Commons:%F0%9F%99%8F%EF%BD%9Cpraise",3,3,1,,,,false,false,false,2.3333333333333335
"2021-12-03","Mount Manu#3530",,"Mount Manu#3530",,"finishing up the Gitcoin Grants R12 updates just in time","DISCORD:810180621930070088:810180622336262195","DISCORD:Token%20Engineering%20Commons:%F0%9F%99%8F%EF%BD%9Cpraise",8,13,5,,,,false,false,false,8.666666666666666
"2021-12-03","acidlazzer#5796",,"Mount Manu#3530",,"finishing up the Gitcoin Grants R12 updates just in time","DISCORD:810180621930070088:810180622336262195","DISCORD:Token%20Engineering%20Commons:%F0%9F%99%8F%EF%BD%9Cpraise",8,21,34,,,,false,false,false,21
"2021-12-03","kristofer#1475","0xa32aECda752cF4EF89956e83d60C04835d4FA867","Mount Manu#3530",,"all the work in the Rewards WG","DISCORD:810180621930070088:810180622336262195","DISCORD:Token%20Engineering%20Commons:%F0%9F%99%8F%EF%BD%9Cpraise",1,0,34,,,,false,false,false,11.666666666666666
"2021-12-03","Vyvy-vi#5040","0x2fA130927814B590623031e846f059df9554FdDe","Mount Manu#3530",,"all the work in the Rewards WG","DISCORD:810180621930070088:810180622336262195","DISCORD:Token%20Engineering%20Commons:%F0%9F%99%8F%EF%BD%9Cpraise",34,5,13,,,,false,false,false,17.333333333333332
"2021-12-03","divine_comedian#5493","0x320c338BCF70bAAaE26e96201C33B48105Bc62C2","Mount Manu#3530",,"all the work in the Rewards WG","DISCORD:810180621930070088:810180622336262195","DISCORD:Token%20Engineering%20Commons:%F0%9F%99%8F%EF%BD%9Cpraise",5,1,13,,,,false,false,false,6.333333333333333
"2021-12-03","Nuggan#5183","0x0Bf920dfE6D36829aB5b0e153857D4CA689E46fB","Mount Manu#3530",,"all the work in the Rewards WG","DISCORD:810180621930070088:810180622336262195","DISCORD:Token%20Engineering%20Commons:%F0%9F%99%8F%EF%BD%9Cpraise",13,1,13,,,,false,false,false,9
"2021-12-03","liviade#1387","0xF8D1d34956cEa24718cf8687588D6FeDbc6d9AA6","Mount Manu#3530",,"always making us reflect on our community decisions","DISCORD:810180621930070088:810180622336262195","DISCORD:Token%20Engineering%20Commons:%F0%9F%99%8F%EF%BD%9Cpraise",3,8,3,,,,false,false,false,4.666666666666667
"2021-12-03","Tam2140#9361",,"Mount Manu#3530",,"always making us reflect on our community decisions","DISCORD:810180621930070088:810180622336262195","DISCORD:Token%20Engineering%20Commons:%F0%9F%99%8F%EF%BD%9Cpraise",5,13,8,,,,false,false,false,8.666666666666666
"2021-12-03","karmaticacid#1218",,"Mount Manu#3530",,"hosting an amazing debate","DISCORD:810180621930070088:810180622336262195","DISCORD:Token%20Engineering%20Commons:%F0%9F%99%8F%EF%BD%9Cpraise",5,21,21,,,,false,false,false,15.666666666666666
"2021-12-03","eduardovegap#0422",,"Mount Manu#3530",,"all the efforts in onboarding and the great results","DISCORD:810180621930070088:810180622336262195","DISCORD:Token%20Engineering%20Commons:%F0%9F%99%8F%EF%BD%9Cpraise",13,13,55,,,,false,false,false,27
"2021-12-03","Tam2140#9361",,"Mount Manu#3530",,"all the efforts in onboarding and the great results","DISCORD:810180621930070088:810180622336262195","DISCORD:Token%20Engineering%20Commons:%F0%9F%99%8F%EF%BD%9Cpraise",13,55,3,,,,false,false,false,23.666666666666668
"2021-12-03","sem  üêù#0161",,"Mount Manu#3530",,"working so hard on the ABC","DISCORD:810180621930070088:810180622336262195","DISCORD:Token%20Engineering%20Commons:%F0%9F%99%8F%EF%BD%9Cpraise",8,55,34,,,,false,false,false,32.333333333333336
"2021-12-03","elessar.eth#7945",,"Mount Manu#3530",,"working so hard on the ABC","DISCORD:810180621930070088:810180622336262195","DISCORD:Token%20Engineering%20Commons:%F0%9F%99%8F%EF%BD%9Cpraise",34,55,34,,,,false,false,false,41
"2021-12-03","ALOYSIOUS#3049",,"Mount Manu#3530",,"spreading the word about the TEC among amazing people","DISCORD:810180621930070088:810180622336262195","DISCORD:Token%20Engineering%20Commons:%F0%9F%99%8F%EF%BD%9Cpraise",5,5,5,,,,false,false,false,5
"2021-12-03","EdgarWeb3#5783",,"Mount Manu#3530",,"spreading the word about the TEC among amazing people","DISCORD:810180621930070088:810180622336262195","DISCORD:Token%20Engineering%20Commons:%F0%9F%99%8F%EF%BD%9Cpraise",8,3,8,,,,false,false,false,6.333333333333333
"2021-12-03","lEscanore#7764",,"Mount Manu#3530",,"his valuable input in the translations team","DISCORD:810180621930070088:810180622336262195","DISCORD:Token%20Engineering%20Commons:%F0%9F%99%8F%EF%BD%9Cpraise",3,8,3,,,,false,false,false,4.666666666666667
"2021-12-03","ZER8üß†#9093",,"Mount Manu#3530",,"his work on Twitter and taking on the analytics corner","DISCORD:810180621930070088:810180622336262195","DISCORD:Token%20Engineering%20Commons:%F0%9F%99%8F%EF%BD%9Cpraise",5,0,5,,,,false,false,false,3.3333333333333335
"2021-12-03","Zeptimus#3359","0x4d5Dd4d81D773c05cE27AbA03e2f3E346c3F8E54","Mount Manu#3530",,"presenting mind-blowing proposals that educate us all","DISCORD:810180621930070088:810180622336262195","DISCORD:Token%20Engineering%20Commons:%F0%9F%99%8F%EF%BD%9Cpraise",0,21,34,,,,false,false,false,18.333333333333332
"2021-12-03","divine_comedian#5493","0x320c338BCF70bAAaE26e96201C33B48105Bc62C2","Mount Manu#3530",,"presenting mind-blowing proposals that educate us all","DISCORD:810180621930070088:810180622336262195","DISCORD:Token%20Engineering%20Commons:%F0%9F%99%8F%EF%BD%9Cpraise",13,5,21,,,,false,false,false,13
"2021-12-03","Juankbell#7458",,"Mount Manu#3530",,"presenting mind-blowing proposals that educate us all","DISCORD:810180621930070088:810180622336262195","DISCORD:Token%20Engineering%20Commons:%F0%9F%99%8F%EF%BD%9Cpraise",0,8,34,,,,false,false,false,14
"2021-12-03","karmaticacid#1218",,"Mount Manu#3530",,"presenting mind-blowing proposals that educate us all","DISCORD:810180621930070088:810180622336262195","DISCORD:Token%20Engineering%20Commons:%F0%9F%99%8F%EF%BD%9Cpraise",3,21,21,,,,false,false,false,15
"2021-12-03","Tam2140#9361",,"Mount Manu#3530",,"a great AMA on bonding curves","DISCORD:810180621930070088:810180622336262195","DISCORD:Token%20Engineering%20Commons:%F0%9F%99%8F%EF%BD%9Cpraise",21,144,5,,,,false,false,false,56.666666666666664
"2021-12-03","JeffEmmett#7202",,"Mount Manu#3530",,"a great AMA on bonding curves","DISCORD:810180621930070088:810180622336262195","DISCORD:Token%20Engineering%20Commons:%F0%9F%99%8F%EF%BD%9Cpraise",13,34,34,,,,false,false,false,27
"2021-12-03","JessicaZartler#2263",,"Mount Manu#3530",,"a great AMA on bonding curves","DISCORD:810180621930070088:810180622336262195","DISCORD:Token%20Engineering%20Commons:%F0%9F%99%8F%EF%BD%9Cpraise",21,21,13,,,,false,false,false,18.333333333333332
"2021-12-03","ALOYSIOUS#3049",,"Mount Manu#3530",,"their indefatigable support in bringing in so many new people","DISCORD:810180621930070088:810180622336262195","DISCORD:Token%20Engineering%20Commons:%F0%9F%99%8F%EF%BD%9Cpraise",0,0,0,,,,false,false,false,0
"2021-12-03","chuygarcia.eth#6692",,"Mount Manu#3530",,"their indefatigable support in bringing in so many new people","DISCORD:810180621930070088:810180622336262195","DISCORD:Token%20Engineering%20Commons:%F0%9F%99%8F%EF%BD%9Cpraise",8,8,13,,,,false,false,false,9.666666666666666
"2021-12-03","karmaticacid#1218",,"Mount Manu#3530",,"bringing the Params Party to the Steward Council meeting and for being such a master at it","DISCORD:810180621930070088:810180622336262195","DISCORD:Token%20Engineering%20Commons:%F0%9F%99%8F%EF%BD%9Cpraise",5,13,21,,,,false,false,false,13
"2021-12-03","GideonRo#3175",,"Mount Manu#3530",,"articulating so beautifully the TEC onboarding experience","DISCORD:810180621930070088:810180622336262195","DISCORD:Token%20Engineering%20Commons:%F0%9F%99%8F%EF%BD%9Cpraise",13,8,5,,,,false,false,false,8.666666666666666
"2021-12-03","Tam2140#9361",,"Mount Manu#3530",,"the ideas you‚Äôre sharing and for the natural grasp you have on the branding ideas of any topic (even when it‚Äôs complex and foreign as the ABC)","DISCORD:810180621930070088:810180622336262195","DISCORD:Token%20Engineering%20Commons:%F0%9F%99%8F%EF%BD%9Cpraise",5,21,5,,,,false,false,false,10.333333333333334
"2021-12-03","taxil#8577",,"Mount Manu#3530",,"delivering on the ABCY article","DISCORD:810180621930070088:810180622336262195","DISCORD:Token%20Engineering%20Commons:%F0%9F%99%8F%EF%BD%9Cpraise",8,13,34,,,,false,false,false,18.333333333333332
"2021-12-03","eduardovegap#0422",,"Mount Manu#3530",,"carrying the torch and providing so much warmth in our community and also for being bold and courageous and venturing out into cool new things","DISCORD:810180621930070088:810180622336262195","DISCORD:Token%20Engineering%20Commons:%F0%9F%99%8F%EF%BD%9Cpraise",13,5,8,,,,false,false,false,8.666666666666666
"2021-12-03","metaverde#2503",,"Mount Manu#3530",,"leaving the Cryptozombie course on the TEC Lounge","DISCORD:810180621930070088:810180622336262195","DISCORD:Token%20Engineering%20Commons:%F0%9F%99%8F%EF%BD%9Cpraise",3,5,5,,,,false,false,false,4.333333333333333
"2021-12-03","divine_comedian#5493","0x320c338BCF70bAAaE26e96201C33B48105Bc62C2","Mount Manu#3530",,"voicing reservations and for your willingness to disagreeing, being that constructive criticism is our secret sauce","DISCORD:810180621930070088:810180622336262195","DISCORD:Token%20Engineering%20Commons:%F0%9F%99%8F%EF%BD%9Cpraise",5,8,13,,,,false,false,false,8.666666666666666
"2021-12-03","eduardovegap#0422",,"Mount Manu#3530",,"hosting an awesome orientation this week and for being the most warmth and welcoming in answering questions and welcoming new users into the right direction","DISCORD:810180621930070088:810180622336262195","DISCORD:Token%20Engineering%20Commons:%F0%9F%99%8F%EF%BD%9Cpraise",13,8,8,,,,false,false,false,9.666666666666666
"2021-12-03","zadok7.eth#0007",,"Mount Manu#3530",,"the wonderful conversation you had with delightfulabyss about public goods (who got him really excited)","DISCORD:810180621930070088:810180622336262195","DISCORD:Token%20Engineering%20Commons:%F0%9F%99%8F%EF%BD%9Cpraise",5,5,13,,,,false,false,false,7.666666666666667
"2021-12-03","liviade#1387","0xF8D1d34956cEa24718cf8687588D6FeDbc6d9AA6","Mount Manu#3530",,"her contributions to the Governauts Research Lab (it‚Äôs really nice to see someone out there representing TEC)","DISCORD:810180621930070088:810180622336262195","DISCORD:Token%20Engineering%20Commons:%F0%9F%99%8F%EF%BD%9Cpraise",5,13,8,,,,false,false,false,8.666666666666666
"2021-12-03","Zeptimus#3359","0x4d5Dd4d81D773c05cE27AbA03e2f3E346c3F8E54","Mount Manu#3530",,"the recordings and for the security of knowing that you‚Äôre there and you have our virtual back","DISCORD:810180621930070088:810180622336262195","DISCORD:Token%20Engineering%20Commons:%F0%9F%99%8F%EF%BD%9Cpraise",0,8,5,,,,false,false,false,4.333333333333333
"2021-12-03","divine_comedian#5493","0x320c338BCF70bAAaE26e96201C33B48105Bc62C2","Mount Manu#3530",,"getting us started in calling all quantifiers and for asking great questions","DISCORD:810180621930070088:810180622336262195","DISCORD:Token%20Engineering%20Commons:%F0%9F%99%8F%EF%BD%9Cpraise",3,5,13,,,,false,false,false,7
"2021-12-03","kristofer#1475","0xa32aECda752cF4EF89956e83d60C04835d4FA867","Mount Manu#3530",,"being so timely in answering questions (especially those questions where you‚Äôre the only knowledge-keeper of)","DISCORD:810180621930070088:810180622336262195","DISCORD:Token%20Engineering%20Commons:%F0%9F%99%8F%EF%BD%9Cpraise",1,13,13,,,,false,false,false,9
"2021-12-03","ALOYSIOUS#3049",,"Mount Manu#3530",,"buffing up TEC in other communities with their onboarding","DISCORD:810180621930070088:810180622336262195","DISCORD:Token%20Engineering%20Commons:%F0%9F%99%8F%EF%BD%9Cpraise",3,5,0,,,,false,false,false,2.6666666666666665
"2021-12-03","billyjitsu#3865",,"Mount Manu#3530",,"showing to our Community Call, noticing the awesome vibez that we emanate, and being bold enough to dish some praise","DISCORD:810180621930070088:810180622336262195","DISCORD:Token%20Engineering%20Commons:%F0%9F%99%8F%EF%BD%9Cpraise",3,5,5,,,,false,false,false,4.333333333333333
"2021-12-03","Juankbell#7458",,"Mount Manu#3530",,"hosting Params Parties and debates","DISCORD:810180621930070088:810180622336262195","DISCORD:Token%20Engineering%20Commons:%F0%9F%99%8F%EF%BD%9Cpraise",5,13,34,,,,false,false,false,17.333333333333332
"2021-12-03","Tam2140#9361",,"Mount Manu#3530",,"hosting Params Parties and debates","DISCORD:810180621930070088:810180622336262195","DISCORD:Token%20Engineering%20Commons:%F0%9F%99%8F%EF%BD%9Cpraise",34,1,3,,,,false,false,false,12.666666666666666
"2021-12-03","karmaticacid#1218",,"Mount Manu#3530",,"hosting Params Parties and debates","DISCORD:810180621930070088:810180622336262195","DISCORD:Token%20Engineering%20Commons:%F0%9F%99%8F%EF%BD%9Cpraise",13,0,13,,,,false,false,false,8.666666666666666
"2021-12-03","chuygarcia.eth#6692",,"Mount Manu#3530",,"hosting Params Parties and debates","DISCORD:810180621930070088:810180622336262195","DISCORD:Token%20Engineering%20Commons:%F0%9F%99%8F%EF%BD%9Cpraise",0,13,13,,,,false,false,false,8.666666666666666
"2021-12-03","divine_comedian#5493","0x320c338BCF70bAAaE26e96201C33B48105Bc62C2","Mount Manu#3530",,"hosting Params Parties and debates","DISCORD:810180621930070088:810180622336262195","DISCORD:Token%20Engineering%20Commons:%F0%9F%99%8F%EF%BD%9Cpraise",0,3,21,,,,false,false,false,8
"2021-12-03","Tam2140#9361",,"Mount Manu#3530",,"hosting the ABC AMA","DISCORD:810180621930070088:810180622336262195","DISCORD:Token%20Engineering%20Commons:%F0%9F%99%8F%EF%BD%9Cpraise",0,1,5,,,,false,false,false,2
"2021-12-03","JeffEmmett#7202",,"Mount Manu#3530",,"hosting the ABC AMA","DISCORD:810180621930070088:810180622336262195","DISCORD:Token%20Engineering%20Commons:%F0%9F%99%8F%EF%BD%9Cpraise",13,0,0,,,,false,false,false,4.333333333333333
"2021-12-03","JessicaZartler#2263",,"Mount Manu#3530",,"hosting the ABC AMA","DISCORD:810180621930070088:810180622336262195","DISCORD:Token%20Engineering%20Commons:%F0%9F%99%8F%EF%BD%9Cpraise",0,0,0,,,,false,false,false,0
"2021-12-03","acidlazzer#5796",,"Mount Manu#3530",,"attending our Community Call","DISCORD:810180621930070088:810180622336262195","DISCORD:Token%20Engineering%20Commons:%F0%9F%99%8F%EF%BD%9Cpraise",1,1,1,,,,false,false,false,1
"2021-12-03","chuygarcia.eth#6692",,"Mount Manu#3530",,"attending our Community Call","DISCORD:810180621930070088:810180622336262195","DISCORD:Token%20Engineering%20Commons:%F0%9F%99%8F%EF%BD%9Cpraise",3,0,1,,,,false,true,false,1.3333333333333333
"2021-12-03","delightfulabyss.eth#3679",,"Mount Manu#3530",,"attending our Community Call","DISCORD:810180621930070088:810180622336262195","DISCORD:Token%20Engineering%20Commons:%F0%9F%99%8F%EF%BD%9Cpraise",1,0,0,,,,false,true,true,0.3333333333333333
"2021-12-03","eduardovegap#0422",,"Mount Manu#3530",,"attending our Community Call","DISCORD:810180621930070088:810180622336262195","DISCORD:Token%20Engineering%20Commons:%F0%9F%99%8F%EF%BD%9Cpraise",0,1,1,,,,true,false,false,0.6666666666666666
"2021-12-03","Tam2140#9361",,"Mount Manu#3530",,"attending our Community Call","DISCORD:810180621930070088:810180622336262195","DISCORD:Token%20Engineering%20Commons:%F0%9F%99%8F%EF%BD%9Cpraise",1,1,1,,,,false,false,false,1
"2021-12-03","Juankbell#7458",,"Mount Manu#3530",,"attending our Community Call","DISCORD:810180621930070088:810180622336262195","DISCORD:Token%20Engineering%20Commons:%F0%9F%99%8F%EF%BD%9Cpraise",1,0,0,,,,false,true,true,0.3333333333333333
"2021-12-03","kristofer#1475","0xa32aECda752cF4EF89956e83d60C04835d4FA867","Mount Manu#3530",,"attending our Community Call","DISCORD:810180621930070088:810180622336262195","DISCORD:Token%20Engineering%20Commons:%F0%9F%99%8F%EF%BD%9Cpraise",1,0,0,,,,false,false,true,0.3333333333333333
"2021-12-03","karmaticacid#1218",,"Mount Manu#3530",,"attending our Community Call","DISCORD:810180621930070088:810180622336262195","DISCORD:Token%20Engineering%20Commons:%F0%9F%99%8F%EF%BD%9Cpraise",1,1,1,,,,false,false,false,1
"2021-12-03","liviade#1387","0xF8D1d34956cEa24718cf8687588D6FeDbc6d9AA6","Mount Manu#3530",,"attending our Community Call","DISCORD:810180621930070088:810180622336262195","DISCORD:Token%20Engineering%20Commons:%F0%9F%99%8F%EF%BD%9Cpraise",0,0,1,,,,true,true,false,0.3333333333333333
"2021-12-03","Nuggan#5183","0x0Bf920dfE6D36829aB5b0e153857D4CA689E46fB","Mount Manu#3530",,"attending our Community Call","DISCORD:810180621930070088:810180622336262195","DISCORD:Token%20Engineering%20Commons:%F0%9F%99%8F%EF%BD%9Cpraise",3,1,1,,,,false,false,false,1.6666666666666667
"2021-12-03","Tam2140#9361",,"Mount Manu#3530",,"attending our Community Call","DISCORD:810180621930070088:810180622336262195","DISCORD:Token%20Engineering%20Commons:%F0%9F%99%8F%EF%BD%9Cpraise",0,0,1,,,,false,false,false,0.3333333333333333
"2021-12-03","Zeptimus#3359","0x4d5Dd4d81D773c05cE27AbA03e2f3E346c3F8E54","Mount Manu#3530",,"attending our Community Call","DISCORD:810180621930070088:810180622336262195","DISCORD:Token%20Engineering%20Commons:%F0%9F%99%8F%EF%BD%9Cpraise",1,3,0,,,,false,false,true,1.3333333333333333
"2021-12-03","Mount Manu#3530",,"Mount Manu#3530",,"transcribing the Community Call praise","DISCORD:810180621930070088:810180622336262195","DISCORD:Token%20Engineering%20Commons:%F0%9F%99%8F%EF%BD%9Cpraise",21,5,3,,,,false,false,false,9.666666666666666
"2021-12-03","Spaghettios#4649",,"Mount Manu#3530",,"attending our Community Call","DISCORD:810180621930070088:810180622336262195","DISCORD:Token%20Engineering%20Commons:%F0%9F%99%8F%EF%BD%9Cpraise",1,0,0,,,,false,true,true,0.3333333333333333
"2021-12-03","Tam2140#9361",,"Mount Manu#3530",,"attending our Community Call","DISCORD:810180621930070088:810180622336262195","DISCORD:Token%20Engineering%20Commons:%F0%9F%99%8F%EF%BD%9Cpraise",0,0,1,,,,false,false,false,0.3333333333333333
"2021-12-03","Burn0ut#8868",,"Mount Manu#3530",,"attending our Community Call","DISCORD:810180621930070088:810180622336262195","DISCORD:Token%20Engineering%20Commons:%F0%9F%99%8F%EF%BD%9Cpraise",1,1,1,,,,false,false,false,1
"2021-12-03","billyjitsu#3865",,"Mount Manu#3530",,"attending our Community Call","DISCORD:810180621930070088:810180622336262195","DISCORD:Token%20Engineering%20Commons:%F0%9F%99%8F%EF%BD%9Cpraise",0,0,0,,,,true,true,false,0
"2021-12-03","Clavis#1991",,"Mount Manu#3530",,"attending our Community Call","DISCORD:810180621930070088:810180622336262195","DISCORD:Token%20Engineering%20Commons:%F0%9F%99%8F%EF%BD%9Cpraise",1,0,0,,,,false,true,true,0.3333333333333333
"2021-12-03","Jolie_Ze#0295",,"Mount Manu#3530",,"attending our Community Call","DISCORD:810180621930070088:810180622336262195","DISCORD:Token%20Engineering%20Commons:%F0%9F%99%8F%EF%BD%9Cpraise",0,0,0,,,,true,true,true,0
"2021-12-03","pabüêùüêô#6151",,"Mount Manu#3530",,"attending our Community Call","DISCORD:810180621930070088:810180622336262195","DISCORD:Token%20Engineering%20Commons:%F0%9F%99%8F%EF%BD%9Cpraise",3,0,1,,,,false,true,false,1.3333333333333333
"2021-12-03","rdfbbx#6437",,"Mount Manu#3530",,"working 16 hours a day on his day job and still contributing","DISCORD:810180621930070088:810180622336262195","DISCORD:Token%20Engineering%20Commons:%F0%9F%99%8F%EF%BD%9Cpraise",8,21,34,,,,false,false,false,21
"2021-12-03","rdfbbx#6437",,"Mount Manu#3530",,"his valuable contributions to our community","DISCORD:810180621930070088:810180622336262195","DISCORD:Token%20Engineering%20Commons:%F0%9F%99%8F%EF%BD%9Cpraise",0,0,1,,,,false,false,false,0.3333333333333333
"2021-12-03","danlessa#2831",,"inventandchill#7140",,"great rai course","DISCORD:810180621930070088:810180622336262195","DISCORD:Token%20Engineering%20Commons:%F0%9F%99%8F%EF%BD%9Cpraise",1,5,13,,,,false,false,false,6.333333333333333
"2021-12-04","Mount Manu#3530",,"GideonRo#3175",,"his careful observance and thoughtful recognition of what so many people are doing in this community.","DISCORD:810180621930070088:810180622336262195","DISCORD:Token%20Engineering%20Commons:%F0%9F%99%8F%EF%BD%9Cpraise",21,13,5,,,,false,false,false,13
"2021-12-05","Mount Manu#3530",,"Tam2140#9361",,"taking on the Praise role for Ivy!","DISCORD:810180621930070088:810180622336262195","DISCORD:Token%20Engineering%20Commons:%F0%9F%99%8F%EF%BD%9Cpraise",5,5,3,,,,false,false,false,4.333333333333333
"2021-12-05","Juankbell#7458",,"iviangita#3204",,"the transparency param proposal!üïµÔ∏è","DISCORD:810180621930070088:810180622336262195","DISCORD:Token%20Engineering%20Commons:%F0%9F%99%8F%EF%BD%9Cpraise",13,34,8,,,,false,false,false,18.333333333333332
"2021-12-05","iviangita#3204",,"iviangita#3204",,"the transparency param proposal!üïµÔ∏è","DISCORD:810180621930070088:810180622336262195","DISCORD:Token%20Engineering%20Commons:%F0%9F%99%8F%EF%BD%9Cpraise",5,8,13,,,,false,false,false,8.666666666666666
"2021-12-05","Zeptimus#3359","0x4d5Dd4d81D773c05cE27AbA03e2f3E346c3F8E54","iviangita#3204",,"the transparency param proposal!üïµÔ∏è","DISCORD:810180621930070088:810180622336262195","DISCORD:Token%20Engineering%20Commons:%F0%9F%99%8F%EF%BD%9Cpraise",8,5,8,,,,false,false,false,7
"2021-12-05","divine_comedian#5493","0x320c338BCF70bAAaE26e96201C33B48105Bc62C2","karmaticacid#1218",,"keeping param party debates calendar up to date and scheduling time w patry hosts!","DISCORD:810180621930070088:810180622336262195","DISCORD:Token%20Engineering%20Commons:%F0%9F%99%8F%EF%BD%9Cpraise",3,3,13,,,,false,false,false,6.333333333333333
"2021-12-05","chuygarcia.eth#6692",,"acidlazzer#5796",,"an awesome and productive twitter sync!","DISCORD:810180621930070088:810180622336262195","DISCORD:Token%20Engineering%20Commons:%F0%9F%99%8F%EF%BD%9Cpraise",3,1,3,,,,false,false,false,2.3333333333333335
"2021-12-05","Juankbell#7458",,"acidlazzer#5796",,"an awesome and productive twitter sync!","DISCORD:810180621930070088:810180622336262195","DISCORD:Token%20Engineering%20Commons:%F0%9F%99%8F%EF%BD%9Cpraise",3,1,3,,,,false,false,false,2.3333333333333335
"2021-12-05","ZER8üß†#9093",,"acidlazzer#5796",,"an awesome and productive twitter sync!","DISCORD:810180621930070088:810180622336262195","DISCORD:Token%20Engineering%20Commons:%F0%9F%99%8F%EF%BD%9Cpraise",5,5,5,,,,false,false,false,5
"2021-12-05","johnjonas#2307",,"acidlazzer#5796",,"an awesome and productive twitter sync!","DISCORD:810180621930070088:810180622336262195","DISCORD:Token%20Engineering%20Commons:%F0%9F%99%8F%EF%BD%9Cpraise",3,1,5,,,,false,false,false,3
"2021-12-05","Tam2140#9361",,"acidlazzer#5796",,"an awesome and productive twitter sync!","DISCORD:810180621930070088:810180622336262195","DISCORD:Token%20Engineering%20Commons:%F0%9F%99%8F%EF%BD%9Cpraise",5,8,3,,,,false,false,false,5.333333333333333
"2021-12-06","divine_comedian#5493","0x320c338BCF70bAAaE26e96201C33B48105Bc62C2","r33pich33p#6906",,"the fantastic bolshevik's gambit param proposal üá∑üá∫ params = pravda ‚úä","DISCORD:810180621930070088:810180622336262195","DISCORD:Token%20Engineering%20Commons:%F0%9F%99%8F%EF%BD%9Cpraise",55,5,13,,,,false,false,false,24.333333333333332
"2021-12-06","innov8tor3#3988",,"Juankbell#7458",,"giving the idea and starting to execute it! Making transcripts from the graviton trainings to create content from them ü§Ø !","DISCORD:810180621930070088:810180622336262195","DISCORD:Token%20Engineering%20Commons:%F0%9F%99%8F%EF%BD%9Cpraise",8,8,5,,,,false,false,false,7
"2021-12-06","karmaticacid#1218",,"liviade#1387","0xF8D1d34956cEa24718cf8687588D6FeDbc6d9AA6","giving feedback to the covenant!","DISCORD:810180621930070088:810180622336262195","DISCORD:Token%20Engineering%20Commons:%F0%9F%99%8F%EF%BD%9Cpraise",3,5,5,,,,false,false,false,4.333333333333333
"2021-12-06","NikosamA98#5909",,"natesuits#4789",,"your stating the most amazing intentions during the Communications Call! You got me excited about everything that we are doing! Thanks for joining!","DISCORD:810180621930070088:810180622336262195","DISCORD:Token%20Engineering%20Commons:%F0%9F%99%8F%EF%BD%9Cpraise",5,5,3,,,,false,false,false,4.333333333333333
"2021-12-06","acidlazzer#5796",,"chuygarcia.eth#6692",,"attending today's Comms WG call, one of the most inspiring calls ever! Thanks for making it special <:TEC:835016327542210560> <:PeepoBeeKind:769369963609718804>","DISCORD:810180621930070088:810180622336262195","DISCORD:Token%20Engineering%20Commons:%F0%9F%99%8F%EF%BD%9Cpraise",1,1,3,,,,false,false,false,1.6666666666666667
"2021-12-06","alantv#0964",,"chuygarcia.eth#6692",,"attending today's Comms WG call, one of the most inspiring calls ever! Thanks for making it special <:TEC:835016327542210560> <:PeepoBeeKind:769369963609718804>","DISCORD:810180621930070088:810180622336262195","DISCORD:Token%20Engineering%20Commons:%F0%9F%99%8F%EF%BD%9Cpraise",5,0,1,,,,false,true,false,2
"2021-12-06","Ali Pizra#7151",,"chuygarcia.eth#6692",,"attending today's Comms WG call, one of the most inspiring calls ever! Thanks for making it special <:TEC:835016327542210560> <:PeepoBeeKind:769369963609718804>","DISCORD:810180621930070088:810180622336262195","DISCORD:Token%20Engineering%20Commons:%F0%9F%99%8F%EF%BD%9Cpraise",1,0,1,,,,false,true,false,0.6666666666666666
"2021-12-06","EdgarWeb3#5783",,"chuygarcia.eth#6692",,"attending today's Comms WG call, one of the most inspiring calls ever! Thanks for making it special <:TEC:835016327542210560> <:PeepoBeeKind:769369963609718804>","DISCORD:810180621930070088:810180622336262195","DISCORD:Token%20Engineering%20Commons:%F0%9F%99%8F%EF%BD%9Cpraise",3,0,1,,,,false,true,false,1.3333333333333333
"2021-12-06","johnjonas#2307",,"chuygarcia.eth#6692",,"attending today's Comms WG call, one of the most inspiring calls ever! Thanks for making it special <:TEC:835016327542210560> <:PeepoBeeKind:769369963609718804>","DISCORD:810180621930070088:810180622336262195","DISCORD:Token%20Engineering%20Commons:%F0%9F%99%8F%EF%BD%9Cpraise",1,0,1,,,,false,true,false,0.6666666666666666
"2021-12-06","lEscanore#7764",,"chuygarcia.eth#6692",,"attending today's Comms WG call, one of the most inspiring calls ever! Thanks for making it special <:TEC:835016327542210560> <:PeepoBeeKind:769369963609718804>","DISCORD:810180621930070088:810180622336262195","DISCORD:Token%20Engineering%20Commons:%F0%9F%99%8F%EF%BD%9Cpraise",1,0,1,,,,false,true,false,0.6666666666666666
"2021-12-06","natesuits#4789",,"chuygarcia.eth#6692",,"attending today's Comms WG call, one of the most inspiring calls ever! Thanks for making it special <:TEC:835016327542210560> <:PeepoBeeKind:769369963609718804>","DISCORD:810180621930070088:810180622336262195","DISCORD:Token%20Engineering%20Commons:%F0%9F%99%8F%EF%BD%9Cpraise",3,1,1,,,,false,false,false,1.6666666666666667
"2021-12-06","Zeptimus#3359","0x4d5Dd4d81D773c05cE27AbA03e2f3E346c3F8E54","chuygarcia.eth#6692",,"attending today's Comms WG call, one of the most inspiring calls ever! Thanks for making it special <:TEC:835016327542210560> <:PeepoBeeKind:769369963609718804>","DISCORD:810180621930070088:810180622336262195","DISCORD:Token%20Engineering%20Commons:%F0%9F%99%8F%EF%BD%9Cpraise",1,3,1,,,,false,false,false,1.6666666666666667
"2021-12-06","ZER8üß†#9093",,"chuygarcia.eth#6692",,"attending today's Comms WG call, one of the most inspiring calls ever! Thanks for making it special <:TEC:835016327542210560> <:PeepoBeeKind:769369963609718804>","DISCORD:810180621930070088:810180622336262195","DISCORD:Token%20Engineering%20Commons:%F0%9F%99%8F%EF%BD%9Cpraise",1,1,3,,,,false,false,false,1.6666666666666667
"2021-12-06","Juankbell#7458",,"chuygarcia.eth#6692",,"attending today's Comms WG call, one of the most inspiring calls ever! Thanks for making it special <:TEC:835016327542210560> <:PeepoBeeKind:769369963609718804>","DISCORD:810180621930070088:810180622336262195","DISCORD:Token%20Engineering%20Commons:%F0%9F%99%8F%EF%BD%9Cpraise",1,0,0,,,,false,true,true,0.3333333333333333
"2021-12-06","eduardovegap#0422",,"chuygarcia.eth#6692",,"attending today's Comms WG call, one of the most inspiring calls ever! Thanks for making it special <:TEC:835016327542210560> <:PeepoBeeKind:769369963609718804>","DISCORD:810180621930070088:810180622336262195","DISCORD:Token%20Engineering%20Commons:%F0%9F%99%8F%EF%BD%9Cpraise",0,1,3,,,,true,false,false,1.3333333333333333
"2021-12-06","NikosamA98#5909",,"chuygarcia.eth#6692",,"attending today's Comms WG call, one of the most inspiring calls ever! Thanks for making it special <:TEC:835016327542210560> <:PeepoBeeKind:769369963609718804>","DISCORD:810180621930070088:810180622336262195","DISCORD:Token%20Engineering%20Commons:%F0%9F%99%8F%EF%BD%9Cpraise",1,1,3,,,,false,false,false,1.6666666666666667
"2021-12-06","GideonRo#3175",,"chuygarcia.eth#6692",,"attending today's Comms WG call, one of the most inspiring calls ever! Thanks for making it special <:TEC:835016327542210560> <:PeepoBeeKind:769369963609718804>","DISCORD:810180621930070088:810180622336262195","DISCORD:Token%20Engineering%20Commons:%F0%9F%99%8F%EF%BD%9Cpraise",3,0,1,,,,false,true,false,1.3333333333333333
"2021-12-06","angieberryberry#9822",,"chuygarcia.eth#6692",,"attending today's Comms WG call, one of the most inspiring calls ever! Thanks for making it special <:TEC:835016327542210560> <:PeepoBeeKind:769369963609718804>","DISCORD:810180621930070088:810180622336262195","DISCORD:Token%20Engineering%20Commons:%F0%9F%99%8F%EF%BD%9Cpraise",0,1,0,,,,true,false,true,0.3333333333333333
"2021-12-06","Tam2140#9361",,"chuygarcia.eth#6692",,"attending today's Comms WG call, one of the most inspiring calls ever! Thanks for making it special <:TEC:835016327542210560> <:PeepoBeeKind:769369963609718804>","DISCORD:810180621930070088:810180622336262195","DISCORD:Token%20Engineering%20Commons:%F0%9F%99%8F%EF%BD%9Cpraise",1,3,1,,,,false,false,false,1.6666666666666667
"2021-12-06","miguelb#5176",,"chuygarcia.eth#6692",,"attending today's Comms WG call, one of the most inspiring calls ever! Thanks for making it special <:TEC:835016327542210560> <:PeepoBeeKind:769369963609718804>","DISCORD:810180621930070088:810180622336262195","DISCORD:Token%20Engineering%20Commons:%F0%9F%99%8F%EF%BD%9Cpraise",1,1,1,,,,false,false,false,1
"2021-12-06","Ekeneodigwe#1502",,"chuygarcia.eth#6692",,"attending today's Comms WG call, one of the most inspiring calls ever! Thanks for making it special <:TEC:835016327542210560> <:PeepoBeeKind:769369963609718804>","DISCORD:810180621930070088:810180622336262195","DISCORD:Token%20Engineering%20Commons:%F0%9F%99%8F%EF%BD%9Cpraise",1,3,1,,,,false,false,false,1.6666666666666667
"2021-12-06","liviade#1387","0xF8D1d34956cEa24718cf8687588D6FeDbc6d9AA6","chuygarcia.eth#6692",,"attending today's Comms WG call, one of the most inspiring calls ever! Thanks for making it special <:TEC:835016327542210560> <:PeepoBeeKind:769369963609718804>","DISCORD:810180621930070088:810180622336262195","DISCORD:Token%20Engineering%20Commons:%F0%9F%99%8F%EF%BD%9Cpraise",1,0,1,,,,false,true,false,0.6666666666666666
"2021-12-06","EdgarWeb3#5783",,"Ali Pizra#7151",,"inviting me to the community","DISCORD:810180621930070088:810180622336262195","DISCORD:Token%20Engineering%20Commons:%F0%9F%99%8F%EF%BD%9Cpraise",5,8,8,,,,false,false,false,7
"2021-12-06","NikosamA98#5909",,"Ali Pizra#7151",,"inviting me to the community","DISCORD:810180621930070088:810180622336262195","DISCORD:Token%20Engineering%20Commons:%F0%9F%99%8F%EF%BD%9Cpraise",8,1,8,,,,false,false,false,5.666666666666667
"2021-12-06","chuygarcia.eth#6692",,"acidlazzer#5796",,"all the awesome work his doing building the TEAM DAO üîä","DISCORD:810180621930070088:810180622336262195","DISCORD:Token%20Engineering%20Commons:%F0%9F%99%8F%EF%BD%9Cpraise",5,55,8,,,,false,false,false,22.666666666666668
"2021-12-06","lEscanore#7764",,"acidlazzer#5796",,"his great Translation team proposal, very professional üìù","DISCORD:810180621930070088:810180622336262195","DISCORD:Token%20Engineering%20Commons:%F0%9F%99%8F%EF%BD%9Cpraise",13,8,8,,,,false,false,false,9.666666666666666
"2021-12-06","divine_comedian#5493","0x320c338BCF70bAAaE26e96201C33B48105Bc62C2","liviade#1387","0xF8D1d34956cEa24718cf8687588D6FeDbc6d9AA6","hosting an insightful param party in soft gov","DISCORD:810180621930070088:810180622336262195","DISCORD:Token%20Engineering%20Commons:%F0%9F%99%8F%EF%BD%9Cpraise",0,5,8,,,,false,false,false,4.333333333333333
"2021-12-06","GideonRo#3175",,"liviade#1387","0xF8D1d34956cEa24718cf8687588D6FeDbc6d9AA6","being guided by his questions üå±","DISCORD:810180621930070088:810180622336262195","DISCORD:Token%20Engineering%20Commons:%F0%9F%99%8F%EF%BD%9Cpraise",8,5,1,,,,false,false,false,4.666666666666667
"2021-12-06","divine_comedian#5493","0x320c338BCF70bAAaE26e96201C33B48105Bc62C2","GideonRo#3175",,"hosting the excellent params parties in both the communications WG and the soft gov WG. It really helped me understand things on a much deeper level!","DISCORD:810180621930070088:810180622336262195","DISCORD:Token%20Engineering%20Commons:%F0%9F%99%8F%EF%BD%9Cpraise",21,5,21,,,,false,false,false,15.666666666666666
"2021-12-06","ALOYSIOUS#3049",,"liviade#1387","0xF8D1d34956cEa24718cf8687588D6FeDbc6d9AA6","speaking up to their truth and for raising important points of accessibility and inclusion","DISCORD:810180621930070088:810180622336262195","DISCORD:Token%20Engineering%20Commons:%F0%9F%99%8F%EF%BD%9Cpraise",3,5,8,,,,false,false,false,5.333333333333333
"2021-12-06","Juankbell#7458",,"liviade#1387","0xF8D1d34956cEa24718cf8687588D6FeDbc6d9AA6","having the community values very present in everything he does","DISCORD:810180621930070088:810180622336262195","DISCORD:Token%20Engineering%20Commons:%F0%9F%99%8F%EF%BD%9Cpraise",1,5,5,,,,false,false,false,3.6666666666666665
"2021-12-06","chuygarcia.eth#6692",,"liviade#1387","0xF8D1d34956cEa24718cf8687588D6FeDbc6d9AA6","the momentum he creates in the comms working where people are always excited to be a part of the community!","DISCORD:810180621930070088:810180622336262195","DISCORD:Token%20Engineering%20Commons:%F0%9F%99%8F%EF%BD%9Cpraise",8,13,5,,,,false,false,false,8.666666666666666
"2021-12-06","Tam2140#9361",,"liviade#1387","0xF8D1d34956cEa24718cf8687588D6FeDbc6d9AA6","the attention she gave to newly nominated stewards","DISCORD:810180621930070088:810180622336262195","DISCORD:Token%20Engineering%20Commons:%F0%9F%99%8F%EF%BD%9Cpraise",13,13,3,,,,false,false,false,9.666666666666666